date,santacruz,santacruz_acum,santacruz_nrec,santacruz_trec,santacruz_diario2,santacruz_acum2,santacruz_ndeath,santacruz_tdeath,,,lapaz,lapaz_acum,lapaz_nrec,lapaz_trec,lapaz_diario2,lapaz_acum2,lapaz_ndeath,lapaz_tdeath,,,cochabamba,cochabamba_acum,cochabamba_nrec,cochabamba_trec,cochabamba_diario2,cochabamba_acum2,cochabamba_ndeath,cochabamba_tdeath,,,oruro,oruro_acum,oruro_nrec,oruro_trec,oruro_diario2,oruro_acum2,oruro_ndeath,oruro_tdeath,,,potosi,potosi_acum,potosi_nrec,potosi_trec,potosi_diario2,potosi_acum2,potosi_ndeath,potosi_tdeath,,,pando,pando_acum,pando_nrec,pando_trec,pando_diario2,pando_acum2,pando_ndeath,pando_tdeath,,,tarija,tarija_acum,tarija_nrec,tarija_trec,tarija_diario2,tarija_acum2,tarija_ndeath,tarija_tdeath,,,chuquisaca,chuquisaca_acum,chuquisaca_nrec,chuquisaca_trec,chuquisaca_diario2,chuquisaca_acum2,chuquisaca_ndeath,chuquisaca_tdeath,,,beni,beni_acum,beni_nrec,beni_trec,beni_diario2,beni_acum2,beni_ndeath,beni_tdeath,,,bolivia,bolivia_acum,bolivia_nrec,bolivia_trec,bolivia_diario2,bolivia_acum2,bolivia_ndeath,bolivia_tdeath,,
10/3/2020,1,1,0,0,1,1,0,0,0.00%,0.00%,0,0,0,0,0,0,0,0,#DIV/0!,#DIV/0!,0,0,0,0,0,0,0,0,#DIV/0!,#DIV/0!,1,1,0,0,1,1,0,0,0.00%,0.00%,0,0,0,0,0,0,0,0,#DIV/0!,#DIV/0!,0,0,0,0,0,0,0,0,#DIV/0!,#DIV/0!,0,0,0,0,0,0,0,0,#DIV/0!,#DIV/0!,0,0,0,0,0,0,0,0,#DIV/0!,#DIV/0!,0,0,0,0,0,0,0,0,#DIV/0!,#DIV/0!,2,2,0,0,2,2,0,0,0.00%,0.00%
11/3/2020,1,2,0,0,1,2,0,0,0.00%,0.00%,0,0,0,0,0,0,0,0,#DIV/0!,#DIV/0!,0,0,0,0,0,0,0,0,#DIV/0!,#DIV/0!,0,1,0,0,0,1,0,0,0.00%,0.00%,0,0,0,0,0,0,0,0,#DIV/0!,#DIV/0!,0,0,0,0,0,0,0,0,#DIV/0!,#DIV/0!,0,0,0,0,0,0,0,0,#DIV/0!,#DIV/0!,0,0,0,0,0,0,0,0,#DIV/0!,#DIV/0!,0,0,0,0,0,0,0,0,#DIV/0!,#DIV/0!,1,3,0,0,1,3,0,0,0.00%,0.00%
12/3/2020,0,2,0,0,0,2,0,0,0.00%,0.00%,0,0,0,0,0,0,0,0,#DIV/0!,#DIV/0!,0,0,0,0,0,0,0,0,#DIV/0!,#DIV/0!,0,1,0,0,0,1,0,0,0.00%,0.00%,0,0,0,0,0,0,0,0,#DIV/0!,#DIV/0!,0,0,0,0,0,0,0,0,#DIV/0!,#DIV/0!,0,0,0,0,0,0,0,0,#DIV/0!,#DIV/0!,0,0,0,0,0,0,0,0,#DIV/0!,#DIV/0!,0,0,0,0,0,0,0,0,#DIV/0!,#DIV/0!,0,3,0,0,0,3,0,0,0.00%,0.00%
13/3/2020,0,2,0,0,0,2,0,0,0.00%,0.00%,0,0,0,0,0,0,0,0,#DIV/0!,#DIV/0!,1,1,0,0,1,1,0,0,0.00%,0.00%,6,7,0,0,6,7,0,0,0.00%,0.00%,0,0,0,0,0,0,0,0,#DIV/0!,#DIV/0!,0,0,0,0,0,0,0,0,#DIV/0!,#DIV/0!,0,0,0,0,0,0,0,0,#DIV/0!,#DIV/0!,0,0,0,0,0,0,0,0,#DIV/0!,#DIV/0!,0,0,0,0,0,0,0,0,#DIV/0!,#DIV/0!,7,10,0,0,7,10,0,0,0.00%,0.00%
14/3/2020,0,2,0,0,0,2,0,0,0.00%,0.00%,0,0,0,0,0,0,0,0,#DIV/0!,#DIV/0!,0,1,0,0,0,1,0,0,0.00%,0.00%,0,7,0,0,0,7,0,0,0.00%,0.00%,0,0,0,0,0,0,0,0,#DIV/0!,#DIV/0!,0,0,0,0,0,0,0,0,#DIV/0!,#DIV/0!,0,0,0,0,0,0,0,0,#DIV/0!,#DIV/0!,0,0,0,0,0,0,0,0,#DIV/0!,#DIV/0!,0,0,0,0,0,0,0,0,#DIV/0!,#DIV/0!,0,10,0,0,0,10,0,0,0.00%,0.00%
15/3/2020,1,3,0,0,1,3,0,0,0.00%,0.00%,0,0,0,0,0,0,0,0,#DIV/0!,#DIV/0!,0,1,0,0,0,1,0,0,0.00%,0.00%,0,7,0,0,0,7,0,0,0.00%,0.00%,0,0,0,0,0,0,0,0,#DIV/0!,#DIV/0!,0,0,0,0,0,0,0,0,#DIV/0!,#DIV/0!,0,0,0,0,0,0,0,0,#DIV/0!,#DIV/0!,0,0,0,0,0,0,0,0,#DIV/0!,#DIV/0!,0,0,0,0,0,0,0,0,#DIV/0!,#DIV/0!,1,11,0,0,1,11,0,0,0.00%,0.00%
16/3/2020,0,3,0,0,0,3,0,0,0.00%,0.00%,0,0,0,0,0,0,0,0,#DIV/0!,#DIV/0!,0,1,0,0,0,1,0,0,0.00%,0.00%,0,7,0,0,0,7,0,0,0.00%,0.00%,0,0,0,0,0,0,0,0,#DIV/0!,#DIV/0!,0,0,0,0,0,0,0,0,#DIV/0!,#DIV/0!,0,0,0,0,0,0,0,0,#DIV/0!,#DIV/0!,0,0,0,0,0,0,0,0,#DIV/0!,#DIV/0!,0,0,0,0,0,0,0,0,#DIV/0!,#DIV/0!,0,11,0,0,0,11,0,0,0.00%,0.00%
17/3/2020,1,4,0,0,1,4,0,0,0.00%,0.00%,0,0,0,0,0,0,0,0,#DIV/0!,#DIV/0!,0,1,0,0,0,1,0,0,0.00%,0.00%,0,7,0,0,0,7,0,0,0.00%,0.00%,0,0,0,0,0,0,0,0,#DIV/0!,#DIV/0!,0,0,0,0,0,0,0,0,#DIV/0!,#DIV/0!,0,0,0,0,0,0,0,0,#DIV/0!,#DIV/0!,0,0,0,0,0,0,0,0,#DIV/0!,#DIV/0!,0,0,0,0,0,0,0,0,#DIV/0!,#DIV/0!,1,12,0,0,1,12,0,0,0.00%,0.00%
18/3/2020,0,4,0,0,0,4,0,0,0.00%,0.00%,0,0,0,0,0,0,0,0,#DIV/0!,#DIV/0!,0,1,0,0,0,1,0,0,0.00%,0.00%,0,7,0,0,0,7,0,0,0.00%,0.00%,0,0,0,0,0,0,0,0,#DIV/0!,#DIV/0!,0,0,0,0,0,0,0,0,#DIV/0!,#DIV/0!,0,0,0,0,0,0,0,0,#DIV/0!,#DIV/0!,0,0,0,0,0,0,0,0,#DIV/0!,#DIV/0!,0,0,0,0,0,0,0,0,#DIV/0!,#DIV/0!,0,12,0,0,0,12,0,0,0.00%,0.00%
19/3/2020,1,5,0,0,1,5,0,0,0.00%,0.00%,1,1,0,0,1,1,0,0,0.00%,0.00%,1,2,0,0,1,2,0,0,0.00%,0.00%,1,8,0,0,1,8,0,0,0.00%,0.00%,0,0,0,0,0,0,0,0,#DIV/0!,#DIV/0!,0,0,0,0,0,0,0,0,#DIV/0!,#DIV/0!,0,0,0,0,0,0,0,0,#DIV/0!,#DIV/0!,0,0,0,0,0,0,0,0,#DIV/0!,#DIV/0!,0,0,0,0,0,0,0,0,#DIV/0!,#DIV/0!,4,16,0,0,4,16,0,0,0.00%,0.00%
20/3/2020,3,8,0,0,3,8,0,0,0.00%,0.00%,0,1,0,0,0,1,0,0,0.00%,0.00%,0,2,0,0,0,2,0,0,0.00%,0.00%,0,8,0,0,0,8,0,0,0.00%,0.00%,0,0,0,0,0,0,0,0,#DIV/0!,#DIV/0!,0,0,0,0,0,0,0,0,#DIV/0!,#DIV/0!,0,0,0,0,0,0,0,0,#DIV/0!,#DIV/0!,0,0,0,0,0,0,0,0,#DIV/0!,#DIV/0!,0,0,0,0,0,0,0,0,#DIV/0!,#DIV/0!,3,19,0,0,3,19,0,0,0.00%,0.00%
21/3/2020,1,9,0,0,1,9,0,0,0.00%,0.00%,0,1,0,0,0,1,0,0,0.00%,0.00%,0,2,0,0,0,2,0,0,0.00%,0.00%,0,8,0,0,0,8,0,0,0.00%,0.00%,0,0,0,0,0,0,0,0,#DIV/0!,#DIV/0!,0,0,0,0,0,0,0,0,#DIV/0!,#DIV/0!,0,0,0,0,0,0,0,0,#DIV/0!,#DIV/0!,0,0,0,0,0,0,0,0,#DIV/0!,#DIV/0!,0,0,0,0,0,0,0,0,#DIV/0!,#DIV/0!,1,20,0,0,1,20,0,0,0.00%,0.00%
22/3/2020,6,15,0,0,6,15,0,0,0.00%,0.00%,0,1,0,0,0,1,0,0,0.00%,0.00%,1,3,0,0,1,3,0,0,0.00%,0.00%,0,8,0,0,0,8,0,0,0.00%,0.00%,0,0,0,0,0,0,0,0,#DIV/0!,#DIV/0!,0,0,0,0,0,0,0,0,#DIV/0!,#DIV/0!,0,0,0,0,0,0,0,0,#DIV/0!,#DIV/0!,0,0,0,0,0,0,0,0,#DIV/0!,#DIV/0!,0,0,0,0,0,0,0,0,#DIV/0!,#DIV/0!,7,27,0,0,7,27,0,0,0.00%,0.00%
23/3/2020,1,16,0,0,1,16,0,0,0.00%,0.00%,0,1,0,0,0,1,0,0,0.00%,0.00%,0,3,0,0,0,3,0,0,0.00%,0.00%,0,8,0,0,0,8,0,0,0.00%,0.00%,0,0,0,0,0,0,0,0,#DIV/0!,#DIV/0!,0,0,0,0,0,0,0,0,#DIV/0!,#DIV/0!,0,0,0,0,0,0,0,0,#DIV/0!,#DIV/0!,0,0,0,0,0,0,0,0,#DIV/0!,#DIV/0!,0,0,0,0,0,0,0,0,#DIV/0!,#DIV/0!,1,28,0,0,1,28,0,0,0.00%,0.00%
24/3/2020,2,18,0,0,2,18,0,0,0.00%,0.00%,2,3,0,0,2,3,0,0,0.00%,0.00%,0,3,0,0,0,3,0,0,0.00%,0.00%,0,8,0,0,0,8,0,0,0.00%,0.00%,0,0,0,0,0,0,0,0,#DIV/0!,#DIV/0!,0,0,0,0,0,0,0,0,#DIV/0!,#DIV/0!,0,0,0,0,0,0,0,0,#DIV/0!,#DIV/0!,0,0,0,0,0,0,0,0,#DIV/0!,#DIV/0!,0,0,0,0,0,0,0,0,#DIV/0!,#DIV/0!,4,32,0,0,4,32,0,0,0.00%,0.00%
25/3/2020,6,24,0,0,6,24,0,0,0.00%,0.00%,1,4,0,0,1,4,0,0,0.00%,0.00%,0,3,0,0,0,3,0,0,0.00%,0.00%,0,8,0,0,0,8,0,0,0.00%,0.00%,0,0,0,0,0,0,0,0,#DIV/0!,#DIV/0!,0,0,0,0,0,0,0,0,#DIV/0!,#DIV/0!,0,0,0,0,0,0,0,0,#DIV/0!,#DIV/0!,0,0,0,0,0,0,0,0,#DIV/0!,#DIV/0!,0,0,0,0,0,0,0,0,#DIV/0!,#DIV/0!,7,39,0,0,7,39,0,0,0.00%,0.00%
26/3/2020,10,34,0,0,10,34,0,0,0.00%,0.00%,4,8,0,0,4,8,0,0,0.00%,0.00%,7,10,0,0,7,10,0,0,0.00%,0.00%,0,8,0,0,0,8,0,0,0.00%,0.00%,1,1,0,0,1,1,0,0,0.00%,0.00%,0,0,0,0,0,0,0,0,#DIV/0!,#DIV/0!,0,0,0,0,0,0,0,0,#DIV/0!,#DIV/0!,0,0,0,0,0,0,0,0,#DIV/0!,#DIV/0!,0,0,0,0,0,0,0,0,#DIV/0!,#DIV/0!,22,61,0,0,22,61,0,0,0.00%,0.00%
27/3/2020,8,42,0,0,8,42,0,0,0.00%,0.00%,0,8,0,0,0,8,0,0,0.00%,0.00%,4,14,0,0,4,14,0,0,0.00%,0.00%,0,8,0,0,0,8,0,0,0.00%,0.00%,0,1,0,0,0,1,0,0,0.00%,0.00%,0,0,0,0,0,0,0,0,#DIV/0!,#DIV/0!,0,0,0,0,0,0,0,0,#DIV/0!,#DIV/0!,1,1,0,0,1,1,0,0,0.00%,0.00%,0,0,0,0,0,0,0,0,#DIV/0!,#DIV/0!,13,74,0,0,13,74,0,0,0.00%,0.00%
28/3/2020,2,44,0,0,2,44,0,0,0.00%,0.00%,2,10,0,0,2,10,0,0,0.00%,0.00%,0,14,0,0,0,14,0,0,0.00%,0.00%,0,8,0,0,0,8,0,0,0.00%,0.00%,2,3,0,0,2,3,0,0,0.00%,0.00%,1,1,0,0,1,1,0,0,0.00%,0.00%,0,0,0,0,0,0,0,0,#DIV/0!,#DIV/0!,0,1,0,0,0,1,0,0,0.00%,0.00%,0,0,0,0,0,0,0,0,#DIV/0!,#DIV/0!,7,81,0,0,7,81,0,0,0.00%,0.00%
29/3/2020,8,52,0,0,7,51,1,1,1.90%,0.00%,3,13,0,0,1,11,2,2,15.40%,0.00%,4,18,0,0,4,18,0,0,0.00%,0.00%,0,8,0,0,0,8,0,0,0.00%,0.00%,0,3,0,0,0,3,0,0,0.00%,0.00%,0,1,0,0,0,1,0,0,0.00%,0.00%,0,0,0,0,0,0,0,0,#DIV/0!,#DIV/0!,0,1,0,0,0,1,0,0,0.00%,0.00%,0,0,0,0,0,0,0,0,#DIV/0!,#DIV/0!,15,96,0,0,12,93,3,3,3.10%,0.00%
30/3/2020,7,59,0,0,5,56,2,3,5.10%,0.00%,1,14,0,0,0,11,1,3,21.40%,0.00%,2,20,0,0,2,20,0,0,0.00%,0.00%,0,8,0,0,0,8,0,0,0.00%,0.00%,0,3,0,0,0,3,0,0,0.00%,0.00%,0,1,0,0,0,1,0,0,0.00%,0.00%,1,1,0,0,1,1,0,0,0.00%,0.00%,0,1,0,0,0,1,0,0,0.00%,0.00%,0,0,0,0,0,0,0,0,#DIV/0!,#DIV/0!,11,107,0,0,8,101,3,6,5.60%,0.00%
31/3/2020,5,64,0,0,4,60,1,4,6.30%,0.00%,2,16,0,0,2,13,0,3,18.80%,0.00%,0,20,0,0,0,20,0,0,0.00%,0.00%,0,8,0,0,0,8,0,0,0.00%,0.00%,1,4,0,0,1,4,0,0,0.00%,0.00%,0,1,0,0,0,1,0,0,0.00%,0.00%,0,1,0,0,0,1,0,0,0.00%,0.00%,0,1,0,0,0,1,0,0,0.00%,0.00%,0,0,0,0,0,0,0,0,#DIV/0!,#DIV/0!,8,115,0,0,7,108,1,7,6.10%,0.00%
1/4/2020,4,68,0,0,3,63,1,5,7.40%,0.00%,0,16,0,0,0,13,0,3,18.80%,0.00%,1,21,0,0,1,21,0,0,0.00%,0.00%,0,8,0,0,0,8,0,0,0.00%,0.00%,0,4,0,0,0,4,0,0,0.00%,0.00%,3,4,0,0,3,4,0,0,0.00%,0.00%,0,1,0,0,0,1,0,0,0.00%,0.00%,0,1,0,0,0,1,0,0,0.00%,0.00%,0,0,0,0,0,0,0,0,#DIV/0!,#DIV/0!,8,123,0,0,7,115,1,8,6.50%,0.00%
2/4/2020,2,70,0,0,2,65,0,5,7.10%,0.00%,3,19,0,0,2,15,1,4,21.10%,0.00%,1,22,0,0,1,22,0,0,0.00%,0.00%,0,8,0,0,0,8,0,0,0.00%,0.00%,1,5,0,0,1,5,0,0,0.00%,0.00%,2,6,0,0,2,6,0,0,0.00%,0.00%,0,1,0,0,0,1,0,0,0.00%,0.00%,0,1,0,0,0,1,0,0,0.00%,0.00%,0,0,0,0,0,0,0,0,#DIV/0!,#DIV/0!,9,132,0,0,8,123,1,9,6.80%,0.00%
3/4/2020,4,74,0,0,4,69,0,5,6.80%,0.00%,1,20,0,0,0,15,1,5,25.00%,0.00%,2,24,0,0,2,24,0,0,0.00%,0.00%,0,8,1,1,-1,7,0,0,0.00%,12.50%,0,5,0,0,0,5,0,0,0.00%,0.00%,0,6,0,0,0,6,0,0,0.00%,0.00%,0,1,0,0,0,1,0,0,0.00%,0.00%,0,1,0,0,0,1,0,0,0.00%,0.00%,0,0,0,0,0,0,0,0,#DIV/0!,#DIV/0!,7,139,1,1,5,128,1,10,7.20%,0.70%
4/4/2020,14,88,0,0,14,83,0,5,5.70%,0.00%,3,23,0,0,3,18,0,5,21.70%,0.00%,1,25,0,0,1,25,0,0,0.00%,0.00%,0,8,0,1,0,7,0,0,0.00%,12.50%,0,5,0,0,0,5,0,0,0.00%,0.00%,0,6,0,0,0,6,0,0,0.00%,0.00%,0,1,0,0,0,1,0,0,0.00%,0.00%,0,1,0,0,0,1,0,0,0.00%,0.00%,0,0,0,0,0,0,0,0,#DIV/0!,#DIV/0!,18,157,0,1,18,146,0,10,6.40%,0.60%
5/4/2020,9,97,0,0,9,92,0,5,5.20%,0.00%,9,32,0,0,9,27,0,5,15.60%,0.00%,8,33,0,0,7,32,1,1,3.00%,0.00%,0,8,0,1,0,7,0,0,0.00%,12.50%,0,5,0,0,0,5,0,0,0.00%,0.00%,0,6,0,0,0,6,0,0,0.00%,0.00%,0,1,0,0,0,1,0,0,0.00%,0.00%,0,1,0,0,0,1,0,0,0.00%,0.00%,0,0,0,0,0,0,0,0,#DIV/0!,#DIV/0!,26,183,0,1,25,171,1,11,6.00%,0.50%
6/4/2020,3,100,0,0,3,95,0,5,5.00%,0.00%,5,37,0,0,3,30,2,7,18.90%,0.00%,0,33,0,0,-1,31,1,2,6.10%,0.00%,0,8,0,1,0,7,0,0,0.00%,12.50%,3,8,0,0,3,8,0,0,0.00%,0.00%,0,6,0,0,0,6,0,0,0.00%,0.00%,0,1,0,0,0,1,0,0,0.00%,0.00%,0,1,0,0,0,1,0,0,0.00%,0.00%,0,0,0,0,0,0,0,0,#DIV/0!,#DIV/0!,11,194,0,1,8,179,3,14,7.20%,0.50%
7/4/2020,3,103,0,0,3,98,0,5,4.90%,0.00%,2,39,0,0,2,32,0,7,17.90%,0.00%,5,38,0,0,5,36,0,2,5.30%,0.00%,0,8,0,1,0,7,0,0,0.00%,12.50%,2,10,0,0,1,9,1,1,10.00%,0.00%,4,10,0,0,4,10,0,0,0.00%,0.00%,0,1,0,0,0,1,0,0,0.00%,0.00%,0,1,0,0,0,1,0,0,0.00%,0.00%,0,0,0,0,0,0,0,0,#DIV/0!,#DIV/0!,16,210,0,1,15,194,1,15,7.10%,0.50%
8/4/2020,24,127,0,0,21,119,3,8,6.30%,0.00%,18,57,0,0,18,50,0,7,12.30%,0.00%,9,47,0,0,9,45,0,2,4.30%,0.00%,0,8,0,1,0,7,0,0,0.00%,12.50%,3,13,0,0,3,12,0,1,7.70%,0.00%,0,10,0,0,0,10,0,0,0.00%,0.00%,0,1,0,0,0,1,0,0,0.00%,0.00%,0,1,0,0,0,1,0,0,0.00%,0.00%,0,0,0,0,0,0,0,0,#DIV/0!,#DIV/0!,54,264,0,1,51,245,3,18,6.80%,0.40%
9/4/2020,3,130,0,0,2,121,1,9,6.90%,0.00%,0,57,0,0,0,50,0,7,12.30%,0.00%,1,48,0,0,1,46,0,2,4.20%,0.00%,0,8,0,1,0,7,0,0,0.00%,12.50%,0,13,0,0,0,12,0,1,7.70%,0.00%,0,10,0,0,0,10,0,0,0.00%,0.00%,0,1,0,0,0,1,0,0,0.00%,0.00%,0,1,0,0,0,1,0,0,0.00%,0.00%,0,0,0,0,0,0,0,0,#DIV/0!,#DIV/0!,4,268,0,1,3,248,1,19,7.10%,0.40%
10/4/2020,4,134,0,0,4,125,0,9,6.70%,0.00%,2,59,0,0,2,52,0,7,11.90%,0.00%,0,48,0,0,0,46,0,2,4.20%,0.00%,1,9,0,1,0,7,1,1,11.10%,11.10%,0,13,0,0,0,12,0,1,7.70%,0.00%,0,10,0,0,0,10,0,0,0.00%,0.00%,0,1,0,0,0,1,0,0,0.00%,0.00%,0,1,0,0,0,1,0,0,0.00%,0.00%,0,0,0,0,0,0,0,0,#DIV/0!,#DIV/0!,7,275,0,1,6,254,1,20,7.30%,0.40%
11/4/2020,13,147,0,0,12,137,1,10,6.80%,0.00%,6,65,0,0,5,57,1,8,12.30%,0.00%,1,49,0,0,-1,45,2,4,8.20%,0.00%,2,11,0,1,2,9,0,1,9.10%,9.10%,2,15,0,0,2,14,0,1,6.70%,0.00%,1,11,0,0,1,11,0,0,0.00%,0.00%,0,1,0,0,0,1,0,0,0.00%,0.00%,0,1,0,0,0,1,0,0,0.00%,0.00%,0,0,0,0,0,0,0,0,#DIV/0!,#DIV/0!,25,300,0,1,21,275,4,24,8.00%,0.30%
12/4/2020,16,163,0,0,16,153,0,10,6.10%,0.00%,8,73,0,0,6,63,2,10,13.70%,0.00%,3,52,0,0,3,48,0,4,7.70%,0.00%,2,13,0,1,1,10,1,2,15.40%,7.70%,0,15,0,0,0,14,0,1,6.70%,0.00%,0,11,0,0,0,11,0,0,0.00%,0.00%,1,2,0,0,1,2,0,0,0.00%,0.00%,0,1,0,0,0,1,0,0,0.00%,0.00%,0,0,0,0,0,0,0,0,#DIV/0!,#DIV/0!,30,330,0,1,27,302,3,27,8.20%,0.30%
13/4/2020,14,177,4,4,10,163,0,10,5.60%,2.30%,7,80,0,0,6,69,1,11,13.80%,0.00%,2,54,0,0,2,50,0,4,7.40%,0.00%,1,14,0,1,1,11,0,2,14.30%,7.10%,0,15,0,0,0,14,0,1,6.70%,0.00%,0,11,0,0,0,11,0,0,0.00%,0.00%,0,2,0,0,0,2,0,0,0.00%,0.00%,0,1,0,0,0,1,0,0,0.00%,0.00%,0,0,0,0,0,0,0,0,#DIV/0!,#DIV/0!,24,354,4,5,19,321,1,28,7.90%,1.40%
14/4/2020,13,190,1,5,12,175,0,10,5.30%,2.60%,11,91,1,1,10,79,0,11,12.10%,1.10%,3,57,0,0,3,53,0,4,7.00%,0.00%,16,30,0,1,16,27,0,2,6.70%,3.30%,0,15,0,0,0,14,0,1,6.70%,0.00%,0,11,0,0,0,11,0,0,0.00%,0.00%,0,2,0,0,0,2,0,0,0.00%,0.00%,0,1,0,0,0,1,0,0,0.00%,0.00%,0,0,0,0,0,0,0,0,#DIV/0!,#DIV/0!,43,397,2,7,41,362,0,28,7.10%,1.80%
15/4/2020,25,215,0,5,24,199,1,11,5.10%,2.30%,10,101,0,1,10,89,0,11,10.90%,1.00%,2,59,0,0,2,55,0,4,6.80%,0.00%,7,37,7,8,0,27,0,2,5.40%,21.60%,0,15,0,0,0,14,0,1,6.70%,0.00%,0,11,0,0,0,11,0,0,0.00%,0.00%,0,2,0,0,0,2,0,0,0.00%,0.00%,0,1,0,0,0,1,0,0,0.00%,0.00%,0,0,0,0,0,0,0,0,#DIV/0!,#DIV/0!,44,441,7,14,36,398,1,29,6.60%,3.20%
16/4/2020,3,218,5,10,-3,196,1,12,5.50%,4.60%,19,120,0,1,18,107,1,12,10.00%,0.80%,0,59,7,7,-7,48,0,4,6.80%,11.90%,1,38,0,8,1,28,0,2,5.30%,21.10%,1,16,0,0,1,15,0,1,6.30%,0.00%,0,11,0,0,0,11,0,0,0.00%,0.00%,0,2,0,0,0,2,0,0,0.00%,0.00%,0,1,0,0,0,1,0,0,0.00%,0.00%,0,0,0,0,0,0,0,0,#DIV/0!,#DIV/0!,24,465,12,26,10,408,2,31,6.70%,5.60%
17/4/2020,19,237,0,10,19,215,0,12,5.10%,4.20%,0,120,5,6,-5,102,0,12,10.00%,5.00%,1,60,0,7,1,49,0,4,6.70%,11.70%,4,42,0,8,4,32,0,2,4.80%,19.00%,2,18,0,0,2,17,0,1,5.60%,0.00%,1,12,0,0,1,12,0,0,0.00%,0.00%,1,3,0,0,1,3,0,0,0.00%,0.00%,0,1,0,0,0,1,0,0,0.00%,0.00%,0,0,0,0,0,0,0,0,#DIV/0!,#DIV/0!,28,493,5,31,23,431,0,31,6.30%,6.30%
18/4/2020,18,255,0,10,18,233,0,12,4.70%,3.90%,6,126,0,6,6,108,0,12,9.50%,4.80%,0,60,0,7,0,49,0,4,6.70%,11.70%,3,45,0,8,3,35,0,2,4.40%,17.80%,0,18,0,0,0,17,0,1,5.60%,0.00%,0,12,0,0,-1,11,1,1,8.30%,0.00%,0,3,0,0,0,3,0,0,0.00%,0.00%,0,1,0,0,0,1,0,0,0.00%,0.00%,0,0,0,0,0,0,0,0,#DIV/0!,#DIV/0!,27,520,0,31,26,457,1,32,6.20%,6.00%
19/4/2020,35,290,0,10,35,268,0,12,4.10%,3.40%,7,133,0,6,7,115,0,12,9.00%,4.50%,1,61,0,7,0,49,1,5,8.20%,11.50%,0,45,0,8,0,35,0,2,4.40%,17.80%,1,19,0,0,1,18,0,1,5.30%,0.00%,0,12,0,0,0,11,0,1,8.30%,0.00%,0,3,0,0,0,3,0,0,0.00%,0.00%,0,1,0,0,0,1,0,0,0.00%,0.00%,0,0,0,0,0,0,0,0,#DIV/0!,#DIV/0!,44,564,0,31,43,500,1,33,5.90%,5.50%
20/4/2020,27,317,10,20,17,285,0,12,3.80%,6.30%,1,134,0,6,1,116,0,12,9.00%,4.50%,0,61,6,13,-7,42,1,6,9.80%,21.30%,4,49,0,8,4,39,0,2,4.10%,16.30%,0,19,0,0,0,18,0,1,5.30%,0.00%,0,12,0,0,0,11,0,1,8.30%,0.00%,0,3,0,0,0,3,0,0,0.00%,0.00%,0,1,0,0,0,1,0,0,0.00%,0.00%,2,2,0,0,2,2,0,0,0.00%,0.00%,34,598,16,47,17,517,1,34,5.70%,7.90%
21/4/2020,7,324,0,20,5,290,2,14,4.30%,6.20%,3,137,0,6,3,119,0,12,8.80%,4.40%,1,62,0,13,1,43,0,6,9.70%,21.00%,0,49,0,8,0,39,0,2,4.10%,16.30%,0,19,0,0,0,18,0,1,5.30%,0.00%,0,12,0,0,0,11,0,1,8.30%,0.00%,0,3,0,0,0,3,0,0,0.00%,0.00%,0,1,0,0,0,1,0,0,0.00%,0.00%,0,2,0,0,-1,1,1,1,50.00%,0.00%,11,609,0,47,8,525,3,37,6.10%,7.70%
22/4/2020,47,371,3,23,42,332,2,16,4.30%,6.20%,3,140,0,6,2,121,1,13,9.30%,4.30%,1,63,0,13,1,44,0,6,9.50%,20.60%,10,59,0,8,10,49,0,2,3.40%,13.60%,2,21,0,0,2,20,0,1,4.80%,0.00%,0,12,0,0,0,11,0,1,8.30%,0.00%,0,3,0,0,0,3,0,0,0.00%,0.00%,0,1,0,0,0,1,0,0,0.00%,0.00%,0,2,0,0,0,1,0,1,50.00%,0.00%,63,672,3,50,57,582,3,40,6.00%,7.40%
23/4/2020,14,385,0,23,11,343,3,19,4.90%,6.00%,10,150,7,13,3,124,0,13,8.70%,8.70%,3,66,0,13,3,47,0,6,9.10%,19.70%,3,62,0,8,3,52,0,2,3.20%,12.90%,0,21,0,0,0,20,0,1,4.80%,0.00%,0,12,6,6,-6,5,0,1,8.30%,50.00%,0,3,0,0,0,3,0,0,0.00%,0.00%,1,2,0,0,1,2,0,0,0.00%,0.00%,0,2,0,0,0,1,0,1,50.00%,0.00%,31,703,13,63,15,597,3,43,6.10%,9.00%
24/4/2020,61,446,0,23,61,404,0,19,4.30%,5.20%,5,155,0,13,4,128,1,14,9.00%,8.40%,4,70,0,13,4,51,0,6,8.60%,18.60%,3,65,0,8,3,55,0,2,3.10%,12.30%,0,21,0,0,0,20,0,1,4.80%,0.00%,0,12,0,6,0,5,0,1,8.30%,50.00%,0,3,0,0,0,3,0,0,0.00%,0.00%,0,2,0,0,0,2,0,0,0.00%,0.00%,31,33,0,0,31,32,0,1,3.00%,0.00%,104,807,0,63,103,700,1,44,5.50%,7.80%
25/4/2020,43,489,10,33,32,436,1,20,4.10%,6.70%,4,159,2,15,1,129,1,15,9.40%,9.40%,1,71,0,13,1,52,0,6,8.50%,18.30%,0,65,0,8,0,55,0,2,3.10%,12.30%,5,26,0,0,5,25,0,1,3.80%,0.00%,0,12,0,6,0,5,0,1,8.30%,50.00%,0,3,0,0,0,3,0,0,0.00%,0.00%,0,2,0,0,0,2,0,0,0.00%,0.00%,6,39,0,0,6,38,0,1,2.60%,0.00%,59,866,12,75,45,745,2,46,5.30%,8.70%
26/4/2020,36,525,4,37,30,466,2,22,4.20%,7.00%,9,168,2,17,7,136,0,15,8.90%,10.10%,7,78,0,13,7,59,0,6,7.70%,16.70%,14,79,0,8,12,67,2,4,5.10%,10.10%,0,26,0,0,0,25,0,1,3.80%,0.00%,0,12,0,6,0,5,0,1,8.30%,50.00%,0,3,0,0,0,3,0,0,0.00%,0.00%,0,2,0,0,0,2,0,0,0.00%,0.00%,18,57,0,0,18,56,0,1,1.80%,0.00%,84,950,6,81,74,819,4,50,5.30%,8.50%
27/4/2020,28,553,4,41,21,487,3,25,4.50%,7.40%,17,185,2,19,15,151,0,15,8.10%,10.30%,0,78,9,22,-9,50,0,6,7.70%,28.20%,13,92,2,10,11,78,0,4,4.30%,10.90%,0,26,2,2,-2,23,0,1,3.80%,7.70%,0,12,0,6,0,5,0,1,8.30%,50.00%,0,3,0,0,0,3,0,0,0.00%,0.00%,1,3,0,0,1,3,0,0,0.00%,0.00%,5,62,0,0,5,61,0,1,1.60%,0.00%,64,1014,19,100,42,861,3,53,5.20%,9.90%
28/4/2020,34,587,3,44,29,516,2,27,4.60%,7.50%,3,188,7,26,-4,147,0,15,8.00%,13.80%,1,79,0,22,1,51,0,6,7.60%,27.80%,0,92,0,10,0,78,0,4,4.30%,10.90%,0,26,0,2,0,23,0,1,3.80%,7.70%,0,12,0,6,0,5,0,1,8.30%,50.00%,0,3,0,0,0,3,0,0,0.00%,0.00%,0,3,0,0,0,3,0,0,0.00%,0.00%,1,63,0,0,1,62,0,1,1.60%,0.00%,39,1053,10,110,27,888,2,55,5.20%,10.40%
29/4/2020,28,615,6,50,20,536,2,29,4.70%,8.10%,14,202,1,27,13,160,0,15,7.40%,13.40%,1,80,0,22,1,52,0,6,7.50%,27.50%,10,102,0,10,8,86,2,6,5.90%,9.80%,0,26,0,2,0,23,0,1,3.80%,7.70%,0,12,0,6,0,5,0,1,8.30%,50.00%,0,3,0,0,0,3,0,0,0.00%,0.00%,0,3,0,0,0,3,0,0,0.00%,0.00%,4,67,0,0,4,66,0,1,1.50%,0.00%,57,1110,7,117,46,934,4,59,5.30%,10.50%
30/4/2020,41,656,12,62,26,562,3,32,4.90%,9.50%,16,218,0,27,16,176,0,15,6.90%,12.40%,0,80,3,25,-3,49,0,6,7.50%,31.30%,0,102,0,10,0,86,0,6,5.90%,9.80%,0,26,0,2,0,23,0,1,3.80%,7.70%,0,12,0,6,0,5,0,1,8.30%,50.00%,0,3,0,0,0,3,0,0,0.00%,0.00%,0,3,0,0,0,3,0,0,0.00%,0.00%,0,67,0,0,0,66,0,1,1.50%,0.00%,57,1167,15,132,39,973,3,62,5.30%,11.30%
1/5/2020,37,693,2,64,33,595,2,34,4.90%,9.20%,3,221,0,27,3,179,0,15,6.80%,12.20%,0,80,0,25,0,49,0,6,7.50%,31.30%,5,107,0,10,5,91,0,6,5.60%,9.30%,0,26,0,2,0,23,0,1,3.80%,7.70%,0,12,0,6,0,5,0,1,8.30%,50.00%,0,3,0,0,0,3,0,0,0.00%,0.00%,1,4,0,0,1,4,0,0,0.00%,0.00%,16,83,0,0,14,80,2,3,3.60%,0.00%,62,1229,2,134,56,1029,4,66,5.40%,10.90%
2/5/2020,113,806,0,64,109,704,4,38,4.70%,7.90%,15,236,7,34,8,187,0,15,6.40%,14.40%,1,81,0,25,1,50,0,6,7.40%,30.90%,4,111,18,28,-14,77,0,6,5.40%,25.20%,0,26,0,2,0,23,0,1,3.80%,7.70%,0,12,0,6,0,5,0,1,8.30%,50.00%,0,3,0,0,0,3,0,0,0.00%,0.00%,0,4,0,0,0,4,0,0,0.00%,0.00%,108,191,0,0,107,187,1,4,2.10%,0.00%,241,1470,25,159,211,1240,5,71,4.80%,10.80%
3/5/2020,98,904,3,67,93,797,2,40,4.40%,7.40%,5,241,4,38,1,188,0,15,6.20%,15.80%,0,81,0,25,0,50,0,6,7.40%,30.90%,0,111,0,28,-1,76,1,7,6.30%,25.20%,0,26,0,2,0,23,0,1,3.80%,7.70%,0,12,0,6,0,5,0,1,8.30%,50.00%,0,3,0,0,0,3,0,0,0.00%,0.00%,0,4,0,0,0,4,0,0,0.00%,0.00%,21,212,0,0,19,206,2,6,2.80%,0.00%,124,1594,7,166,112,1352,5,76,4.80%,10.40%
4/5/2020,75,979,1,68,70,867,4,44,4.50%,6.90%,2,243,7,45,-5,183,0,15,6.20%,18.50%,1,82,0,25,1,51,0,6,7.30%,30.50%,0,111,0,28,0,76,0,7,6.30%,25.20%,7,33,0,2,7,30,0,1,3.00%,6.10%,0,12,0,6,0,5,0,1,8.30%,50.00%,1,4,0,0,0,3,1,1,25.00%,0.00%,1,5,0,0,0,4,1,1,20.00%,0.00%,0,212,0,0,0,206,0,6,2.80%,0.00%,87,1681,8,174,73,1425,6,82,4.90%,10.40%
5/5/2020,104,1083,0,68,102,969,2,46,4.20%,6.30%,10,253,1,46,8,191,1,16,6.30%,18.20%,0,82,8,33,-8,43,0,6,7.30%,40.20%,2,113,0,28,2,78,0,7,6.20%,24.80%,2,35,4,6,-2,28,0,1,2.90%,17.10%,0,12,0,6,0,5,0,1,8.30%,50.00%,2,6,0,0,2,5,0,1,16.70%,0.00%,1,6,0,0,1,5,0,1,16.70%,0.00%,0,212,0,0,-1,205,1,7,3.30%,0.00%,121,1802,13,187,104,1529,4,86,4.80%,10.40%
6/5/2020,77,1160,0,68,73,1042,4,50,4.30%,5.90%,7,260,3,49,4,195,0,16,6.20%,18.80%,0,82,0,33,0,43,0,6,7.30%,40.20%,0,113,8,36,-8,70,0,7,6.20%,31.90%,0,35,0,6,0,28,0,1,2.90%,17.10%,0,12,0,6,0,5,0,1,8.30%,50.00%,0,6,0,0,0,5,0,1,16.70%,0.00%,0,6,0,0,0,5,0,1,16.70%,0.00%,0,212,0,0,-1,204,1,8,3.80%,0.00%,84,1886,11,198,68,1597,5,91,4.80%,10.50%
7/5/2020,158,1318,12,80,144,1186,2,52,3.90%,6.10%,11,271,0,49,11,206,0,16,5.90%,18.10%,0,82,0,33,0,43,0,6,7.30%,40.20%,2,115,9,45,-8,62,1,8,7.00%,39.10%,0,35,0,6,0,28,0,1,2.90%,17.10%,0,12,0,6,0,5,0,1,8.30%,50.00%,0,6,0,0,0,5,0,1,16.70%,0.00%,5,11,0,0,5,10,0,1,9.10%,0.00%,19,231,0,0,11,215,8,16,6.90%,0.00%,195,2081,21,219,163,1760,11,102,4.90%,10.50%
8/5/2020,69,1387,0,80,68,1254,1,53,3.80%,5.80%,23,294,6,55,17,223,0,16,5.40%,18.70%,8,90,7,40,1,44,0,6,6.70%,44.40%,1,116,3,48,-2,60,0,8,6.90%,41.40%,0,35,0,6,0,28,0,1,2.90%,17.10%,0,12,1,7,-1,4,0,1,8.30%,58.30%,3,9,0,0,3,8,0,1,11.10%,0.00%,0,11,0,0,0,10,0,1,9.10%,0.00%,81,312,1,1,77,292,3,19,6.10%,0.30%,185,2266,18,237,163,1923,4,106,4.70%,10.50%
9/5/2020,150,1537,7,87,140,1394,3,56,3.60%,5.70%,7,301,8,63,-1,222,0,16,5.30%,20.90%,5,95,0,40,5,49,0,6,6.30%,42.10%,5,121,4,52,0,60,1,9,7.40%,43.00%,0,35,0,6,0,28,0,1,2.90%,17.10%,0,12,0,7,0,4,0,1,8.30%,58.30%,1,10,2,2,-1,7,0,1,10.00%,20.00%,3,14,0,0,3,13,0,1,7.10%,0.00%,0,312,0,1,-4,288,4,23,7.40%,0.30%,171,2437,21,258,142,2065,8,114,4.70%,10.60%
10/5/2020,96,1633,5,92,88,1482,3,59,3.60%,5.60%,8,309,4,67,4,226,0,16,5.20%,21.70%,9,104,0,40,9,58,0,6,5.80%,38.50%,3,124,5,57,-2,58,0,9,7.30%,46.00%,0,35,1,7,-1,27,0,1,2.90%,20.00%,0,12,0,7,0,4,0,1,8.30%,58.30%,0,10,0,2,0,7,0,1,10.00%,20.00%,1,15,0,0,1,14,0,1,6.70%,0.00%,2,314,0,1,2,290,0,23,7.30%,0.30%,119,2556,15,273,101,2166,3,117,4.60%,10.70%
11/5/2020,190,1823,9,101,180,1662,1,60,3.30%,5.50%,4,313,1,68,3,229,0,16,5.10%,21.70%,5,109,5,45,0,58,0,6,5.50%,41.30%,0,124,0,57,0,58,0,9,7.30%,46.00%,1,36,0,7,1,28,0,1,2.80%,19.40%,0,12,0,7,0,4,0,1,8.30%,58.30%,0,10,0,2,0,7,0,1,10.00%,20.00%,0,15,1,1,-2,12,1,2,13.30%,6.70%,70,384,0,1,68,358,2,25,6.50%,0.30%,270,2826,16,289,250,2416,4,121,4.30%,10.20%
12/5/2020,102,1925,16,117,82,1744,4,64,3.30%,6.10%,3,316,8,76,-6,223,1,17,5.40%,24.10%,21,130,0,45,20,78,1,7,5.40%,34.60%,4,128,0,57,4,62,0,9,7.00%,44.50%,0,36,0,7,0,28,0,1,2.80%,19.40%,0,12,0,7,0,4,0,1,8.30%,58.30%,3,13,0,2,3,10,0,1,7.70%,15.40%,0,15,0,1,0,12,0,2,13.30%,6.70%,5,389,0,1,4,362,1,26,6.70%,0.30%,138,2964,24,313,107,2523,7,128,4.30%,10.60%
13/5/2020,116,2041,8,125,100,1844,8,72,3.50%,6.10%,3,319,17,93,-16,207,2,19,6.00%,29.20%,18,148,0,45,17,95,1,8,5.40%,30.40%,0,128,1,58,-1,61,0,9,7.00%,45.30%,0,36,0,7,0,28,0,1,2.80%,19.40%,0,12,0,7,0,4,0,1,8.30%,58.30%,0,13,0,2,0,10,0,1,7.70%,15.40%,0,15,0,1,0,12,0,2,13.30%,6.70%,47,436,0,1,44,406,3,29,6.70%,0.20%,184,3148,26,339,144,2667,14,142,4.50%,10.80%
14/5/2020,122,2163,2,127,116,1960,4,76,3.50%,5.90%,3,322,8,101,-5,202,0,19,5.90%,31.40%,22,170,0,45,22,117,0,8,4.70%,26.50%,4,132,7,65,-3,58,0,9,6.80%,49.20%,0,36,0,7,0,28,0,1,2.80%,19.40%,0,12,0,7,0,4,0,1,8.30%,58.30%,0,13,0,2,0,10,0,1,7.70%,15.40%,0,15,0,1,0,12,0,2,13.30%,6.70%,73,509,0,1,67,473,6,35,6.90%,0.20%,224,3372,17,356,197,2864,10,152,4.50%,10.60%
15/5/2020,134,2297,48,175,79,2039,7,83,3.60%,7.60%,6,328,22,123,-16,186,0,19,5.80%,37.50%,26,196,5,50,20,137,1,9,4.60%,25.50%,0,132,0,65,0,58,0,9,6.80%,49.20%,0,36,0,7,0,28,0,1,2.80%,19.40%,0,12,0,7,0,4,0,1,8.30%,58.30%,0,13,0,2,0,10,0,1,7.70%,15.40%,0,15,0,1,0,12,0,2,13.30%,6.70%,39,548,3,4,32,505,4,39,7.10%,0.70%,205,3577,78,434,115,2979,12,164,4.60%,12.10%
16/5/2020,221,2518,0,175,220,2259,1,84,3.30%,6.90%,5,333,34,157,-29,157,0,19,5.70%,47.10%,18,214,0,50,18,155,0,9,4.20%,23.40%,1,133,1,66,0,58,0,9,6.80%,49.60%,0,36,4,11,-4,24,0,1,2.80%,30.60%,0,12,0,7,0,4,0,1,8.30%,58.30%,0,13,0,2,0,10,0,1,7.70%,15.40%,1,16,0,1,1,13,0,2,12.50%,6.30%,3,551,0,4,3,508,0,39,7.10%,0.70%,249,3826,39,473,209,3188,1,165,4.30%,12.40%
17/5/2020,245,2763,11,186,231,2490,3,87,3.10%,6.70%,2,335,9,166,-7,150,0,19,5.70%,49.60%,10,224,0,50,10,165,0,9,4.00%,22.30%,2,135,0,66,2,60,0,9,6.70%,48.90%,2,38,0,11,2,26,0,1,2.60%,28.90%,0,12,0,7,0,4,0,1,8.30%,58.30%,0,13,0,2,0,10,0,1,7.70%,15.40%,1,17,0,1,1,14,0,2,11.80%,5.90%,0,551,0,4,-1,507,1,40,7.30%,0.70%,262,4088,20,493,238,3426,4,169,4.10%,12.10%
18/5/2020,131,2894,1,187,129,2619,1,88,3.00%,6.50%,7,342,5,171,1,151,1,20,5.80%,50.00%,4,228,0,50,3,168,1,10,4.40%,21.90%,2,137,4,70,-2,58,0,9,6.60%,51.10%,1,39,0,11,1,27,0,1,2.60%,28.20%,0,12,0,7,0,4,0,1,8.30%,58.30%,0,13,0,2,-1,9,1,2,15.40%,15.40%,0,17,0,1,0,14,0,2,11.80%,5.90%,30,581,0,4,29,536,1,41,7.10%,0.70%,175,4263,10,503,160,3586,5,174,4.10%,11.80%
19/5/2020,88,2982,21,208,60,2679,7,95,3.20%,7.00%,13,355,3,174,9,160,1,21,5.90%,49.00%,18,246,5,55,12,180,1,11,4.50%,22.40%,1,138,0,70,1,59,0,9,6.50%,50.70%,0,39,0,11,0,27,0,1,2.60%,28.20%,0,12,0,7,0,4,0,1,8.30%,58.30%,0,13,1,3,-1,8,0,2,15.40%,23.10%,0,17,0,1,0,14,0,2,11.80%,5.90%,98,679,0,4,92,628,6,47,6.90%,0.60%,218,4481,30,533,173,3759,15,189,4.20%,11.90%
20/5/2020,259,3241,11,219,246,2925,2,97,3.00%,6.80%,8,363,6,180,2,162,0,21,5.80%,49.60%,13,259,0,55,13,193,0,11,4.20%,21.20%,0,138,0,70,-1,58,1,10,7.20%,50.70%,1,40,0,11,1,28,0,1,2.50%,27.50%,0,12,0,7,0,4,0,1,8.30%,58.30%,1,14,0,3,1,9,0,2,14.30%,21.40%,2,19,3,4,-1,13,0,2,10.50%,21.10%,154,833,0,4,147,775,7,54,6.50%,0.50%,438,4919,20,553,408,4167,10,199,4.00%,11.20%
21/5/2020,173,3414,6,225,157,3082,10,107,3.10%,6.60%,12,375,1,181,10,172,1,22,5.90%,48.30%,7,266,0,55,7,200,0,11,4.10%,20.70%,3,141,0,70,1,59,2,12,8.50%,49.60%,1,41,0,11,1,29,0,1,2.40%,26.80%,0,12,0,7,0,4,0,1,8.30%,58.30%,3,17,1,4,2,11,0,2,11.80%,23.50%,0,19,0,4,0,13,0,2,10.50%,21.10%,69,902,0,4,66,841,3,57,6.30%,0.40%,268,5187,8,561,244,4411,16,215,4.10%,10.80%
22/5/2020,251,3665,2,227,245,3327,4,111,3.00%,6.20%,6,381,3,184,2,174,1,23,6.00%,48.30%,19,285,0,55,19,219,0,11,3.90%,19.30%,2,143,0,70,1,60,1,13,9.10%,49.00%,0,41,0,11,0,29,0,1,2.40%,26.80%,0,12,0,7,0,4,0,1,8.30%,58.30%,1,18,2,6,-1,10,0,2,11.10%,33.30%,0,19,7,11,-7,6,0,2,10.50%,57.90%,113,1015,0,4,104,945,9,66,6.50%,0.40%,392,5579,14,575,363,4774,15,230,4.10%,10.30%
23/5/2020,235,3900,17,244,212,3539,6,117,3.00%,6.30%,5,386,17,201,-13,161,1,24,6.20%,52.10%,10,295,0,55,8,227,2,13,4.40%,18.60%,2,145,0,70,2,62,0,13,9.00%,48.30%,0,41,0,11,0,29,0,1,2.40%,26.80%,0,12,0,7,0,4,0,1,8.30%,58.30%,0,18,0,6,0,10,0,2,11.10%,33.30%,2,21,0,11,2,8,0,2,9.50%,52.40%,82,1097,0,4,81,1026,1,67,6.10%,0.40%,336,5915,34,609,292,5066,10,240,4.10%,10.30%
24/5/2020,299,4199,4,248,289,3828,6,123,2.90%,5.90%,8,394,8,209,0,161,0,24,6.10%,53.00%,34,329,0,55,34,261,0,13,4.00%,16.70%,5,150,2,72,3,65,0,13,8.70%,48.00%,1,42,6,17,-5,24,0,1,2.40%,40.50%,1,13,0,7,1,5,0,1,7.70%,53.80%,0,18,0,6,0,10,0,2,11.10%,33.30%,0,21,0,11,0,8,0,2,9.50%,52.40%,0,1097,0,4,-4,1022,4,71,6.50%,0.40%,348,6263,20,629,318,5384,10,250,4.00%,10.00%
25/5/2020,328,4527,10,258,313,4141,5,128,2.80%,5.70%,9,403,1,210,8,169,0,24,6.00%,52.10%,10,339,0,55,5,266,5,18,5.30%,16.20%,1,151,0,72,1,66,0,13,8.60%,47.70%,2,44,3,20,-1,23,0,1,2.30%,45.50%,0,13,0,7,0,5,0,1,7.70%,53.80%,1,19,1,7,0,10,0,2,10.50%,36.80%,1,22,0,11,1,9,0,2,9.10%,50.00%,45,1142,3,7,41,1063,1,72,6.30%,0.60%,397,6660,18,647,368,5752,11,261,3.90%,9.70%
26/5/2020,361,4888,15,273,339,4480,7,135,2.80%,5.60%,7,410,9,219,-2,167,0,24,5.90%,53.40%,6,345,5,60,1,267,0,18,5.20%,17.40%,2,153,0,72,2,68,0,13,8.50%,47.10%,0,44,0,20,0,23,0,1,2.30%,45.50%,0,13,0,7,0,5,0,1,7.70%,53.80%,0,19,0,7,-1,9,1,3,15.80%,36.80%,0,22,0,11,0,9,0,2,9.10%,50.00%,100,1242,1,8,94,1157,5,77,6.20%,0.60%,476,7136,30,677,433,6185,13,274,3.80%,9.50%
27/5/2020,478,5366,3,276,472,4952,3,138,2.60%,5.10%,5,415,9,228,-4,163,0,24,5.80%,54.90%,31,376,0,60,31,298,0,18,4.80%,16.00%,2,155,0,72,2,70,0,13,8.40%,46.50%,0,44,0,20,0,23,0,1,2.30%,45.50%,0,13,0,7,0,5,0,1,7.70%,53.80%,0,19,0,7,0,9,0,3,15.80%,36.80%,3,25,0,11,3,12,0,2,8.00%,44.00%,113,1355,0,8,110,1267,3,80,5.90%,0.60%,632,7768,12,689,614,6799,6,280,3.60%,8.90%
28/5/2020,408,5774,43,319,359,5311,6,144,2.50%,5.50%,8,423,6,234,0,163,2,26,6.10%,55.30%,43,419,0,60,42,340,1,19,4.50%,14.30%,4,159,0,72,4,74,0,13,8.20%,45.30%,2,46,0,20,2,25,0,1,2.20%,43.50%,0,13,0,7,0,5,0,1,7.70%,53.80%,3,22,0,7,3,12,0,3,13.60%,31.80%,0,25,0,11,0,12,0,2,8.00%,44.00%,151,1506,0,8,147,1414,4,84,5.60%,0.50%,619,8387,49,738,557,7356,13,293,3.50%,8.80%
29/5/2020,172,5946,4,323,166,5477,2,146,2.50%,5.40%,21,444,3,237,17,180,1,27,6.10%,53.40%,69,488,0,60,67,407,2,21,4.30%,12.30%,7,166,0,72,7,81,0,13,7.80%,43.40%,2,48,0,20,2,27,0,1,2.10%,41.70%,1,14,4,11,-3,2,0,1,7.10%,78.60%,2,24,0,7,2,14,0,3,12.50%,29.20%,0,25,0,11,0,12,0,2,8.00%,44.00%,70,1576,0,8,68,1482,2,86,5.50%,0.50%,344,8731,11,749,326,7682,7,300,3.40%,8.60%
30/5/2020,596,6542,125,448,468,5945,3,149,2.30%,6.80%,34,478,5,242,28,208,1,28,5.90%,50.60%,68,556,0,60,66,473,2,23,4.10%,10.80%,24,190,1,73,22,103,1,14,7.40%,38.40%,0,48,8,28,-8,19,0,1,2.10%,58.30%,0,14,0,11,0,2,0,1,7.10%,78.60%,8,32,0,7,8,22,0,3,9.40%,21.90%,0,25,1,12,-1,11,0,2,8.00%,48.00%,131,1707,0,8,128,1610,3,89,5.20%,0.50%,861,9592,140,889,711,8393,10,310,3.20%,9.30%
31/5/2020,169,6711,93,541,76,6021,0,149,2.20%,8.10%,29,507,2,244,27,235,0,28,5.50%,48.10%,55,611,0,60,55,528,0,23,3.80%,9.80%,14,204,0,73,14,117,0,14,6.90%,35.80%,20,68,0,28,20,39,0,1,1.50%,41.20%,0,14,0,11,0,2,0,1,7.10%,78.60%,0,32,0,7,0,22,0,3,9.40%,21.90%,1,26,2,14,-1,10,0,2,7.70%,53.80%,102,1809,0,8,99,1709,3,92,5.10%,0.40%,390,9982,97,986,290,8683,3,313,3.10%,9.90%
1/6/2020,307,7018,147,688,145,6166,15,164,2.30%,9.80%,48,555,4,248,41,276,3,31,5.60%,44.70%,103,714,0,60,92,620,11,34,4.80%,8.40%,6,210,0,73,6,123,0,14,6.70%,34.80%,2,70,0,28,2,41,0,1,1.40%,40.00%,0,14,0,11,0,2,0,1,7.10%,78.60%,5,37,0,7,4,26,1,4,10.80%,18.90%,2,28,0,14,2,12,0,2,7.10%,50.00%,76,1885,0,8,76,1785,0,92,4.90%,0.40%,549,10531,151,1137,368,9051,30,343,3.30%,10.80%
2/6/2020,217,7235,155,843,42,6208,20,184,2.50%,11.70%,59,614,1,249,57,333,1,32,5.20%,40.60%,72,786,4,64,63,683,5,39,5.00%,8.10%,8,218,1,74,6,129,1,15,6.90%,33.90%,23,93,0,28,23,64,0,1,1.10%,30.10%,0,14,0,11,0,2,0,1,7.10%,78.60%,0,37,0,7,0,26,0,4,10.80%,18.90%,1,29,0,14,1,13,0,2,6.90%,48.30%,80,1965,0,8,74,1859,6,98,5.00%,0.40%,460,10991,161,1298,266,9317,33,376,3.40%,11.80%
3/6/2020,402,7637,205,1048,192,6400,5,189,2.50%,13.70%,21,635,2,251,16,349,3,35,5.50%,39.50%,65,851,0,64,59,742,6,45,5.30%,7.50%,4,222,0,74,3,132,1,16,7.20%,33.30%,5,98,0,28,3,67,2,3,3.10%,28.60%,9,23,0,11,8,10,1,2,8.70%,47.80%,3,40,0,7,3,29,0,4,10.00%,17.50%,2,31,0,14,2,15,0,2,6.50%,45.20%,136,2101,2,10,128,1987,6,104,5.00%,0.50%,647,11638,209,1507,414,9731,24,400,3.40%,12.90%
4/6/2020,315,7952,137,1185,175,6575,3,192,2.40%,14.90%,26,661,3,254,22,371,1,36,5.40%,38.40%,47,898,7,71,36,778,4,49,5.50%,7.90%,16,238,0,74,14,146,2,18,7.60%,31.10%,21,119,0,28,21,88,0,3,2.50%,23.50%,0,23,0,11,0,10,0,2,8.70%,47.80%,4,44,0,7,4,33,0,4,9.10%,15.90%,1,32,0,14,1,16,0,2,6.30%,43.80%,177,2278,4,14,168,2155,5,109,4.80%,0.60%,607,12245,151,1658,441,10172,15,415,3.40%,13.50%
5/6/2020,192,8144,68,1253,122,6697,2,194,2.40%,15.40%,31,692,9,263,20,391,2,38,5.50%,38.00%,62,960,0,71,60,838,2,51,5.30%,7.40%,9,247,0,74,8,154,1,19,7.70%,30.00%,28,147,3,31,25,113,0,3,2.00%,21.10%,0,23,0,11,0,10,0,2,8.70%,47.80%,5,49,0,7,5,38,0,4,8.20%,14.30%,6,38,0,14,6,22,0,2,5.30%,36.80%,150,2428,1,15,144,2299,5,114,4.70%,0.60%,483,12728,81,1739,390,10562,12,427,3.40%,13.70%
6/6/2020,412,8556,153,1406,239,6936,20,214,2.50%,16.40%,45,737,6,269,39,430,0,38,5.20%,36.50%,62,1022,0,71,61,899,1,52,5.10%,6.90%,9,256,0,74,7,161,2,21,8.20%,28.90%,24,171,0,31,24,137,0,3,1.80%,18.10%,24,47,0,11,24,34,0,2,4.30%,23.40%,9,58,3,10,6,44,0,4,6.90%,17.20%,1,39,0,14,1,23,0,2,5.10%,35.90%,44,2472,1,16,39,2338,4,118,4.80%,0.60%,630,13358,163,1902,440,11002,27,454,3.40%,14.20%
7/6/2020,120,8676,174,1580,-61,6875,7,221,2.50%,18.20%,17,754,3,272,14,444,0,38,5.00%,36.10%,75,1097,0,71,75,974,0,52,4.70%,6.50%,4,260,0,74,4,165,0,21,8.10%,28.50%,12,183,0,31,12,149,0,3,1.60%,16.90%,18,65,1,12,16,50,1,3,4.60%,18.50%,0,58,0,10,0,44,0,4,6.90%,17.20%,0,39,0,14,0,23,0,2,5.10%,35.90%,39,2511,6,22,30,2368,3,121,4.80%,0.90%,285,13643,184,2086,90,11092,11,465,3.40%,15.30%
8/6/2020,135,8811,70,1650,61,6936,4,225,2.60%,18.70%,22,776,0,272,22,466,0,38,4.90%,35.10%,65,1162,0,71,62,1036,3,55,4.70%,6.10%,14,274,0,74,14,179,0,21,7.70%,27.00%,5,188,0,31,5,154,0,3,1.60%,16.50%,0,65,0,12,0,50,0,3,4.60%,18.50%,7,65,0,10,7,51,0,4,6.20%,15.40%,4,43,0,14,4,27,0,2,4.70%,32.60%,54,2565,3,25,48,2416,3,124,4.80%,1.00%,306,13949,73,2159,223,11315,10,475,3.40%,15.50%
9/6/2020,413,9224,23,1673,384,7320,6,231,2.50%,18.10%,28,804,4,276,24,490,0,38,4.70%,34.30%,69,1231,0,71,67,1103,2,57,4.60%,5.80%,14,288,3,77,11,190,0,21,7.30%,26.70%,12,200,0,31,11,165,1,4,2.00%,15.50%,29,94,0,12,28,78,1,4,4.30%,12.80%,3,68,0,10,3,54,0,4,5.90%,14.70%,0,43,0,14,0,27,0,2,4.70%,32.60%,127,2692,1,26,124,2540,2,126,4.70%,1.00%,695,14644,31,2190,652,11967,12,487,3.30%,15.00%
10/6/2020,370,9594,49,1722,309,7629,12,243,2.50%,17.90%,38,842,9,285,27,517,2,40,4.80%,33.80%,66,1297,0,71,66,1169,0,57,4.40%,5.50%,17,305,5,82,9,199,3,24,7.90%,26.90%,5,205,0,31,3,168,2,6,2.90%,15.10%,36,130,0,12,36,114,0,4,3.10%,9.20%,1,69,0,10,1,55,0,4,5.80%,14.50%,18,61,0,14,17,44,1,3,4.90%,23.00%,86,2778,8,34,73,2613,5,131,4.70%,1.20%,637,15281,71,2261,541,12508,25,512,3.40%,14.80%
11/6/2020,533,10127,97,1819,429,8058,7,250,2.50%,18.00%,90,932,4,289,84,601,2,42,4.50%,31.00%,72,1369,5,76,64,1233,3,60,4.40%,5.60%,29,334,3,85,26,225,0,24,7.20%,25.40%,63,268,0,31,62,230,1,7,2.60%,11.60%,45,175,0,12,43,157,2,6,3.40%,6.90%,8,77,0,10,8,63,0,4,5.20%,13.00%,13,74,1,15,12,56,0,3,4.10%,20.30%,31,2809,1,35,24,2637,6,137,4.90%,1.20%,884,16165,111,2372,752,13260,21,533,3.30%,14.70%
12/6/2020,409,10536,48,1867,346,8404,15,265,2.50%,17.70%,51,983,2,291,48,649,1,43,4.40%,29.60%,72,1441,0,76,66,1299,6,66,4.60%,5.30%,24,358,0,85,24,249,0,24,6.70%,23.70%,6,274,0,31,5,235,1,8,2.90%,11.30%,63,238,0,12,63,220,0,6,2.50%,5.00%,10,87,0,10,9,72,1,5,5.70%,11.50%,11,85,0,15,11,67,0,3,3.50%,17.60%,118,2927,9,44,107,2744,2,139,4.70%,1.50%,764,16929,59,2431,679,13939,26,559,3.30%,14.40%
13/6/2020,618,11154,318,2185,295,8699,5,270,2.40%,19.60%,81,1064,13,304,66,715,2,45,4.20%,28.60%,96,1537,0,76,87,1386,9,75,4.90%,4.90%,11,369,0,85,10,259,1,25,6.80%,23.00%,21,295,3,34,18,253,0,8,2.70%,11.50%,29,267,0,12,29,249,0,6,2.20%,4.50%,25,112,1,11,24,96,0,5,4.50%,9.80%,15,100,0,15,15,82,0,3,3.00%,15.00%,17,2944,2,46,6,2750,9,148,5.00%,1.60%,913,17842,337,2768,550,14489,26,585,3.30%,15.50%
14/6/2020,270,11424,335,2520,-78,8621,13,283,2.50%,22.10%,85,1149,10,314,71,786,4,49,4.30%,27.30%,186,1723,0,76,183,1569,3,78,4.50%,4.40%,9,378,0,85,8,267,1,26,6.90%,22.50%,36,331,0,34,36,289,0,8,2.40%,10.30%,19,286,0,12,19,268,0,6,2.10%,4.20%,0,112,0,11,0,96,0,5,4.50%,9.80%,2,102,0,15,1,83,1,4,3.90%,14.70%,10,2954,0,46,6,2756,4,152,5.10%,1.60%,617,18459,345,3113,246,14735,26,611,3.30%,16.90%
15/6/2020,317,11741,304,2824,9,8630,4,287,2.40%,24.10%,64,1213,8,322,55,841,1,50,4.10%,26.50%,155,1878,2,78,148,1717,5,83,4.40%,4.20%,11,389,2,87,7,274,2,28,7.20%,22.40%,12,343,1,35,11,300,0,8,2.30%,10.20%,21,307,0,12,21,289,0,6,2.00%,3.90%,11,123,0,11,11,107,0,5,4.10%,8.90%,15,117,0,15,13,96,2,6,5.10%,12.80%,8,2962,0,46,1,2757,7,159,5.40%,1.60%,614,19073,317,3430,276,15011,21,632,3.30%,18.00%
16/6/2020,625,12366,318,3142,296,8926,11,298,2.40%,25.40%,41,1254,0,322,41,882,0,50,4.00%,25.70%,37,1915,0,78,32,1749,5,88,4.60%,4.10%,11,400,2,89,7,281,2,30,7.50%,22.30%,18,361,0,35,17,317,1,9,2.50%,9.70%,8,315,0,12,6,295,2,8,2.50%,3.80%,26,149,0,11,26,133,0,5,3.40%,7.40%,12,129,0,15,10,106,2,8,6.20%,11.60%,32,2994,2,48,26,2783,4,163,5.40%,1.60%,810,19883,322,3752,461,15472,27,659,3.30%,18.90%
17/6/2020,359,12725,237,3379,117,9043,5,303,2.40%,26.60%,44,1298,2,324,41,923,1,51,3.90%,25.00%,126,2041,3,81,117,1866,6,94,4.60%,4.00%,20,420,4,93,14,295,2,32,7.60%,22.10%,17,378,0,35,17,334,0,9,2.40%,9.30%,71,386,0,12,68,363,3,11,2.80%,3.10%,26,175,1,12,23,156,2,7,4.00%,6.90%,5,134,0,15,4,110,1,9,6.70%,11.20%,134,3128,3,51,131,2914,0,163,5.20%,1.60%,802,20685,250,4002,532,16004,20,679,3.30%,19.30%
18/6/2020,263,12988,301,3680,-42,9001,4,307,2.40%,28.30%,88,1386,6,330,80,1003,2,53,3.80%,23.80%,138,2179,5,86,130,1996,3,97,4.50%,3.90%,23,443,0,93,21,316,2,34,7.70%,21.00%,0,378,0,35,0,334,0,9,2.40%,9.30%,23,409,1,13,21,384,1,12,2.90%,3.20%,16,191,2,14,14,170,0,7,3.70%,7.30%,51,185,1,16,48,158,2,11,5.90%,8.60%,198,3326,2,53,192,3106,4,167,5.00%,1.60%,800,21485,318,4320,464,16468,18,697,3.20%,20.10%
19/6/2020,551,13539,339,4019,206,9207,6,313,2.30%,29.70%,83,1469,2,332,80,1083,1,54,3.70%,22.60%,123,2302,8,94,114,2110,1,98,4.30%,4.10%,16,459,0,93,14,330,2,36,7.80%,20.30%,29,407,0,35,28,362,1,10,2.50%,8.60%,16,425,0,13,16,400,0,12,2.80%,3.10%,15,206,0,14,15,185,0,7,3.40%,6.80%,11,196,0,16,8,166,3,14,7.10%,8.20%,147,3473,1,54,142,3248,4,171,4.90%,1.60%,991,22476,350,4670,623,17091,18,715,3.20%,20.80%
20/6/2020,626,14165,408,4427,209,9416,9,322,2.30%,31.30%,76,1545,0,332,75,1158,1,55,3.60%,21.50%,58,2360,0,94,55,2165,3,101,4.30%,4.00%,10,469,3,96,7,337,0,36,7.70%,20.50%,17,424,0,35,14,376,3,13,3.10%,8.30%,51,476,1,14,50,450,0,12,2.50%,2.90%,33,239,2,16,30,215,1,8,3.30%,6.70%,57,253,0,16,56,222,1,15,5.90%,6.30%,108,3581,2,56,99,3347,7,178,5.00%,1.60%,1036,23512,416,5086,595,17686,25,740,3.10%,21.60%
21/6/2020,334,14499,351,4778,-22,9394,5,327,2.30%,33.00%,235,1780,13,345,214,1372,8,63,3.50%,19.40%,191,2551,0,94,185,2350,6,107,4.20%,3.70%,19,488,1,97,16,353,2,38,7.80%,19.90%,4,428,0,35,4,380,0,13,3.00%,8.20%,6,482,0,14,6,456,0,12,2.50%,2.90%,7,246,0,16,7,222,0,8,3.30%,6.50%,48,301,3,19,39,261,6,21,7.00%,6.30%,32,3613,0,56,26,3373,6,184,5.10%,1.50%,876,24388,368,5454,475,18161,33,773,3.20%,22.40%
22/6/2020,568,15067,379,5157,168,9562,21,348,2.30%,34.20%,138,1918,6,351,132,1504,0,63,3.30%,18.30%,61,2612,0,94,54,2404,7,114,4.40%,3.60%,111,599,3,100,100,453,8,46,7.70%,16.70%,118,546,0,35,118,498,0,13,2.40%,6.40%,14,496,0,14,10,466,4,16,3.20%,2.80%,29,275,4,20,25,247,0,8,2.90%,7.30%,0,301,2,21,-2,259,0,21,7.00%,7.00%,66,3679,9,65,50,3423,7,191,5.20%,1.80%,1105,25493,403,5857,655,18816,47,820,3.20%,23.00%
23/6/2020,375,15442,432,5589,-60,9502,3,351,2.30%,36.20%,48,1966,0,351,47,1551,1,64,3.30%,17.90%,163,2775,1,95,151,2555,11,125,4.50%,3.40%,76,675,0,100,76,529,0,46,6.80%,14.80%,14,560,0,35,12,510,2,15,2.70%,6.30%,9,505,0,14,9,475,0,16,3.20%,2.80%,24,299,2,22,22,269,0,8,2.70%,7.40%,81,382,0,21,80,339,1,22,5.80%,5.50%,106,3785,8,73,90,3513,8,199,5.30%,1.90%,896,26389,443,6300,427,19243,26,846,3.20%,23.90%
24/6/2020,542,15984,457,6046,71,9573,14,365,2.30%,37.80%,195,2161,9,360,185,1736,1,65,3.00%,16.70%,145,2920,5,100,135,2690,5,130,4.50%,3.40%,24,699,6,106,18,547,0,46,6.60%,15.20%,16,576,5,40,11,521,0,15,2.60%,6.90%,2,507,0,14,0,475,2,18,3.60%,2.80%,32,331,5,27,27,296,0,8,2.40%,8.20%,40,422,1,22,35,374,4,26,6.20%,5.20%,102,3887,7,80,91,3604,4,203,5.20%,2.10%,1098,27487,495,6795,573,19816,30,876,3.20%,24.70%
25/6/2020,571,16555,512,6558,51,9624,8,373,2.30%,39.60%,212,2373,5,365,204,1940,3,68,2.90%,15.40%,50,2970,17,117,27,2717,6,136,4.60%,3.90%,22,721,1,107,13,560,8,54,7.50%,14.80%,12,588,0,40,10,531,2,17,2.90%,6.80%,6,513,0,14,4,479,2,20,3.90%,2.70%,62,393,1,28,59,355,2,10,2.50%,7.10%,48,470,0,22,45,419,3,29,6.20%,4.70%,33,3920,7,87,23,3627,3,206,5.30%,2.20%,1016,28503,543,7338,436,20252,37,913,3.20%,25.70%
26/6/2020,222,16777,387,6945,-173,9451,8,381,2.30%,41.40%,207,2580,3,368,203,2143,1,69,2.70%,14.30%,263,3233,6,123,253,2970,4,140,4.30%,3.80%,71,792,0,107,71,631,0,54,6.80%,13.50%,1,589,0,40,1,532,0,17,2.90%,6.80%,49,562,0,14,47,526,2,22,3.90%,2.50%,39,432,0,28,39,394,0,10,2.30%,6.50%,54,524,1,23,53,472,0,29,5.50%,4.40%,14,3934,1,88,7,3634,6,212,5.40%,2.20%,920,29423,398,7736,501,20753,21,934,3.20%,26.30%
27/6/2020,678,17455,387,7332,276,9727,15,396,2.30%,42.00%,194,2774,8,376,181,2324,5,74,2.70%,13.60%,183,3416,15,138,158,3128,10,150,4.40%,4.00%,2,794,3,110,-2,629,1,55,6.90%,13.90%,14,603,0,40,14,546,0,17,2.80%,6.60%,5,567,0,14,4,530,1,23,4.10%,2.50%,82,514,2,30,79,473,1,11,2.10%,5.80%,54,578,0,23,53,525,1,30,5.20%,4.00%,41,3975,7,95,32,3666,2,214,5.40%,2.40%,1253,30676,422,8158,795,21548,36,970,3.20%,26.60%
28/6/2020,418,17873,337,7669,65,9792,16,412,2.30%,42.90%,108,2882,6,382,100,2424,2,76,2.60%,13.30%,52,3468,0,138,37,3165,15,165,4.80%,4.00%,84,878,3,113,81,710,0,55,6.30%,12.90%,38,641,10,50,26,572,2,19,3.00%,7.80%,0,567,0,14,-2,528,2,25,4.40%,2.50%,23,537,0,30,21,494,2,13,2.40%,5.60%,59,637,0,23,58,583,1,31,4.90%,3.60%,66,4041,3,98,59,3725,4,218,5.40%,2.40%,848,31524,359,8517,445,21993,44,1014,3.20%,27.00%
29/6/2020,338,18211,390,8059,-71,9721,19,431,2.40%,44.30%,85,2967,6,388,73,2497,6,82,2.80%,13.10%,33,3501,15,153,-1,3164,19,184,5.30%,4.40%,21,899,0,113,18,728,3,58,6.50%,12.60%,23,664,0,50,23,595,0,19,2.90%,7.50%,1,568,0,14,1,529,0,25,4.40%,2.50%,59,596,0,30,57,551,2,15,2.50%,5.00%,7,644,0,23,6,589,1,32,5.00%,3.60%,34,4075,0,98,27,3752,7,225,5.50%,2.40%,601,32125,411,8928,133,22126,57,1071,3.30%,27.80%
30/6/2020,670,18881,372,8431,274,9995,24,455,2.40%,44.70%,62,3029,3,391,59,2556,0,82,2.70%,12.90%,139,3640,0,153,121,3285,18,202,5.50%,4.20%,50,949,2,115,48,776,0,58,6.10%,12.10%,10,674,1,51,9,604,0,19,2.80%,7.60%,0,568,0,14,-2,527,2,27,4.80%,2.50%,56,652,1,31,55,606,0,15,2.30%,4.80%,63,707,0,23,60,649,3,35,5.00%,3.30%,44,4119,33,131,6,3758,5,230,5.60%,3.20%,1094,33219,412,9340,630,22756,52,1123,3.40%,28.10%
1/7/2020,376,19257,401,8832,-47,9948,22,477,2.50%,45.90%,212,3241,3,394,207,2763,2,84,2.60%,12.20%,104,3744,15,168,70,3355,19,221,5.90%,4.50%,63,1012,0,115,45,821,18,76,7.50%,11.40%,15,689,0,51,14,618,1,20,2.90%,7.40%,68,636,0,14,58,585,10,37,5.80%,2.20%,57,709,0,31,55,661,2,17,2.40%,4.40%,59,766,0,23,57,706,2,37,4.80%,3.00%,54,4173,5,136,47,3805,2,232,5.60%,3.30%,1008,34227,424,9764,506,23262,78,1201,3.50%,28.50%
2/7/2020,734,19991,482,9314,223,10171,29,506,2.50%,46.60%,156,3397,0,394,147,2910,9,93,2.70%,11.60%,92,3836,17,185,63,3418,12,233,6.10%,4.80%,81,1093,79,194,1,822,1,77,7.00%,17.70%,31,720,0,51,29,647,2,22,3.10%,7.10%,77,713,0,14,67,652,10,47,6.60%,2.00%,55,764,0,31,50,711,5,22,2.90%,4.10%,45,811,5,28,39,745,1,38,4.70%,3.50%,30,4203,11,147,18,3823,1,233,5.50%,3.50%,1301,35528,594,10358,637,23899,70,1271,3.60%,29.20%
3/7/2020,567,20558,374,9688,172,10343,21,527,2.60%,47.10%,237,3634,2,396,235,3145,0,93,2.60%,10.90%,253,4089,26,211,213,3631,14,247,6.00%,5.20%,52,1145,3,197,46,868,3,80,7.00%,17.20%,8,728,1,52,6,653,1,23,3.20%,7.10%,4,717,0,14,3,655,1,48,6.70%,2.00%,66,830,0,31,65,776,1,23,2.80%,3.70%,41,852,0,28,36,781,5,43,5.00%,3.30%,62,4265,2,149,57,3880,3,236,5.50%,3.50%,1290,36818,408,10766,833,24732,49,1320,3.60%,29.20%
4/7/2020,632,21190,466,10154,142,10485,24,551,2.60%,47.90%,238,3872,4,400,227,3372,7,100,2.60%,10.30%,57,4146,30,241,12,3643,15,262,6.30%,5.80%,44,1189,3,200,41,909,0,80,6.70%,16.80%,30,758,0,52,29,682,1,24,3.20%,6.90%,91,808,0,14,86,741,5,53,6.60%,1.70%,86,916,2,33,82,858,2,25,2.70%,3.60%,65,917,0,28,64,845,1,44,4.80%,3.10%,10,4275,1,150,6,3886,3,239,5.60%,3.50%,1253,38071,506,11272,689,25421,58,1378,3.60%,29.60%
5/7/2020,562,21752,344,10498,196,10681,22,573,2.60%,48.30%,333,4205,11,411,315,3687,7,107,2.50%,9.80%,53,4199,36,277,-3,3640,20,282,6.70%,6.60%,44,1233,0,200,44,953,0,80,6.50%,16.20%,3,761,0,52,2,684,1,25,3.30%,6.80%,126,934,0,14,126,867,0,53,5.70%,1.50%,55,971,0,33,52,910,3,28,2.90%,3.40%,50,967,4,32,45,890,1,45,4.70%,3.30%,0,4275,0,150,-2,3884,2,241,5.60%,3.50%,1226,39297,395,11667,775,26196,56,1434,3.60%,29.70%
6/7/2020,201,21953,227,10725,-44,10637,18,591,2.70%,48.90%,480,4685,7,418,473,4160,0,107,2.30%,8.90%,230,4429,24,301,196,3836,10,292,6.60%,6.80%,50,1283,0,200,43,996,7,87,6.80%,15.60%,21,782,1,53,20,704,0,25,3.20%,6.80%,72,1006,0,14,71,938,1,54,5.40%,1.40%,68,1039,1,34,65,975,2,30,2.90%,3.30%,33,1000,0,32,32,922,1,46,4.60%,3.20%,57,4332,2,152,52,3936,3,244,5.60%,3.50%,1212,40509,262,11929,908,27104,42,1476,3.60%,29.40%
7/7/2020,445,22398,412,11137,10,10647,23,614,2.70%,49.70%,191,4876,7,425,182,4342,2,109,2.20%,8.70%,63,4492,28,329,23,3859,12,304,6.80%,7.30%,97,1380,0,200,89,1085,8,95,6.90%,14.50%,19,801,17,70,2,706,0,25,3.10%,8.70%,20,1026,0,14,20,958,0,54,5.30%,1.40%,30,1069,1,35,28,1003,1,31,2.90%,3.30%,68,1068,0,32,64,986,4,50,4.70%,3.00%,103,4435,4,156,95,4031,4,248,5.60%,3.50%,1036,41545,469,12398,513,27617,54,1530,3.70%,29.80%
8/7/2020,528,22926,417,11554,87,10734,24,638,2.80%,50.40%,275,5151,5,430,269,4611,1,110,2.10%,8.30%,143,4635,21,350,114,3973,8,312,6.70%,7.60%,111,1491,22,222,81,1166,8,103,6.90%,14.90%,30,831,4,74,26,732,0,25,3.00%,8.90%,0,1026,0,14,0,958,0,54,5.30%,1.40%,145,1214,1,36,141,1144,3,34,2.80%,3.00%,31,1099,12,44,19,1005,0,50,4.50%,4.00%,176,4611,3,159,170,4201,3,251,5.40%,3.40%,1439,42984,485,12883,907,28524,47,1577,3.70%,30.00%
9/7/2020,485,23411,433,11987,29,10763,23,661,2.80%,51.20%,225,5376,3,433,218,4829,4,114,2.10%,8.10%,134,4769,29,379,90,4063,15,327,6.90%,7.90%,55,1546,3,225,50,1216,2,105,6.80%,14.60%,13,844,1,75,8,740,4,29,3.40%,8.90%,0,1026,0,14,0,958,0,54,5.30%,1.40%,70,1284,0,36,65,1209,5,39,3.00%,2.80%,63,1162,0,44,61,1066,2,52,4.50%,3.80%,84,4695,2,161,76,4277,6,257,5.50%,3.40%,1129,44113,471,13354,597,29121,61,1638,3.70%,30.30%
10/7/2020,614,24025,487,12474,101,10864,26,687,2.90%,51.90%,328,5704,31,464,295,5124,2,116,2.00%,8.10%,146,4915,31,410,96,4159,19,346,7.00%,8.30%,89,1635,0,225,84,1300,5,110,6.70%,13.80%,3,847,5,80,-4,736,2,31,3.70%,9.40%,0,1026,0,14,-2,956,2,56,5.50%,1.40%,170,1454,0,36,168,1377,2,41,2.80%,2.50%,3,1165,0,44,-1,1065,4,56,4.80%,3.80%,99,4794,10,171,87,4364,2,259,5.40%,3.60%,1452,45565,564,13918,824,29945,64,1702,3.70%,30.50%
11/7/2020,600,24625,327,12801,260,11124,13,700,2.80%,52.00%,662,6366,32,496,619,5743,11,127,2.00%,7.80%,99,5014,36,446,44,4203,19,365,7.30%,8.90%,66,1701,6,231,60,1360,0,110,6.50%,13.60%,11,858,2,82,9,745,0,31,3.60%,9.60%,0,1026,0,14,0,956,0,56,5.50%,1.40%,47,1501,3,39,41,1418,3,44,2.90%,2.60%,133,1298,7,51,124,1189,2,58,4.50%,3.90%,17,4811,2,173,11,4375,4,263,5.50%,3.60%,1635,47200,415,14333,1168,31113,52,1754,3.70%,30.40%
12/7/2020,275,24900,376,13177,-110,11014,9,709,2.80%,52.90%,337,6703,37,533,296,6039,4,131,2.00%,8.00%,174,5188,58,504,96,4299,20,385,7.40%,9.70%,85,1786,24,255,51,1411,10,120,6.70%,14.30%,37,895,0,82,35,780,2,33,3.70%,9.20%,19,1045,0,14,18,974,1,57,5.50%,1.30%,0,1501,10,49,-12,1406,2,46,3.10%,3.30%,34,1332,2,53,30,1219,2,60,4.50%,4.00%,26,4837,3,176,20,4395,3,266,5.50%,3.60%,987,48187,510,14843,424,31537,53,1807,3.70%,30.80%
13/7/2020,360,25260,338,13515,-2,11012,24,733,2.90%,53.50%,421,7124,28,561,391,6430,2,133,1.90%,7.90%,127,5315,67,571,47,4346,13,398,7.50%,10.70%,75,1861,10,265,61,1472,4,124,6.70%,14.20%,24,919,0,82,24,804,0,33,3.60%,8.90%,0,1045,5,19,-13,961,8,65,6.20%,1.80%,32,1533,0,49,31,1437,1,47,3.10%,3.20%,0,1332,0,53,0,1219,0,60,4.50%,4.00%,24,4861,3,179,14,4409,7,273,5.60%,3.70%,1063,49250,451,15294,553,32090,59,1866,3.80%,31.10%
14/7/2020,864,26124,408,13923,449,11461,7,740,2.80%,53.30%,278,7402,33,594,244,6674,1,134,1.80%,8.00%,153,5468,44,615,95,4441,14,412,7.50%,11.20%,60,1921,13,278,45,1517,2,126,6.60%,14.50%,50,969,0,82,50,854,0,33,3.40%,8.50%,0,1045,18,37,-22,939,4,69,6.60%,3.50%,127,1660,0,49,125,1562,2,49,3.00%,3.00%,42,1374,6,59,36,1255,0,60,4.40%,4.30%,43,4904,3,182,38,4447,2,275,5.60%,3.70%,1617,50867,525,15819,1060,33150,32,1898,3.70%,31.10%
15/7/2020,547,26671,401,14324,130,11591,16,756,2.80%,53.70%,260,7662,31,625,224,6898,5,139,1.80%,8.20%,276,5744,84,699,182,4623,10,422,7.30%,12.20%,53,1974,11,289,42,1559,0,126,6.40%,14.60%,31,1000,0,82,31,885,0,33,3.30%,8.20%,0,1045,3,40,-12,927,9,78,7.50%,3.80%,83,1743,0,49,80,1642,3,52,3.00%,2.80%,48,1422,0,59,48,1303,0,60,4.20%,4.10%,53,4957,8,190,44,4491,1,276,5.60%,3.80%,1351,52218,538,16357,769,33919,44,1942,3.70%,31.30%
16/7/2020,1073,27744,496,14820,572,12163,5,761,2.70%,53.40%,314,7976,11,636,297,7195,6,145,1.80%,8.00%,182,5926,75,774,92,4715,15,437,7.40%,13.10%,42,2016,16,305,19,1578,7,133,6.60%,15.10%,60,1060,0,82,59,944,1,34,3.20%,7.70%,0,1045,7,47,-12,915,5,83,7.90%,4.50%,130,1873,0,49,128,1770,2,54,2.90%,2.60%,68,1490,9,68,58,1361,1,61,4.10%,4.60%,69,5026,8,198,61,4552,0,276,5.50%,3.90%,1938,54156,622,16979,1274,35193,42,1984,3.70%,31.40%
17/5/2020,245,2763,11,186,231,2490,3,87,3.10%,6.70%,2,335,9,166,-7,150,0,19,5.70%,49.60%,10,224,0,50,10,165,0,9,4.00%,22.30%,2,135,0,66,2,60,0,9,6.70%,48.90%,2,38,0,11,2,26,0,1,2.60%,28.90%,0,12,0,7,0,4,0,1,8.30%,58.30%,0,13,0,2,0,10,0,1,7.70%,15.40%,1,17,0,1,1,14,0,2,11.80%,5.90%,0,551,0,4,-1,507,1,40,7.30%,0.70%,262,4088,20,493,238,3426,4,169,4.10%,12.10%
18/5/2020,131,2894,1,187,129,2619,1,88,3.00%,6.50%,7,342,5,171,1,151,1,20,5.80%,50.00%,4,228,0,50,3,168,1,10,4.40%,21.90%,2,137,4,70,-2,58,0,9,6.60%,51.10%,1,39,0,11,1,27,0,1,2.60%,28.20%,0,12,0,7,0,4,0,1,8.30%,58.30%,0,13,0,2,-1,9,1,2,15.40%,15.40%,0,17,0,1,0,14,0,2,11.80%,5.90%,30,581,0,4,29,536,1,41,7.10%,0.70%,175,4263,10,503,160,3586,5,174,4.10%,11.80%
19/5/2020,88,2982,21,208,60,2679,7,95,3.20%,7.00%,13,355,3,174,9,160,1,21,5.90%,49.00%,18,246,5,55,12,180,1,11,4.50%,22.40%,1,138,0,70,1,59,0,9,6.50%,50.70%,0,39,0,11,0,27,0,1,2.60%,28.20%,0,12,0,7,0,4,0,1,8.30%,58.30%,0,13,1,3,-1,8,0,2,15.40%,23.10%,0,17,0,1,0,14,0,2,11.80%,5.90%,98,679,0,4,92,628,6,47,6.90%,0.60%,218,4481,30,533,173,3759,15,189,4.20%,11.90%
20/5/2020,259,3241,11,219,246,2925,2,97,3.00%,6.80%,8,363,6,180,2,162,0,21,5.80%,49.60%,13,259,0,55,13,193,0,11,4.20%,21.20%,0,138,0,70,-1,58,1,10,7.20%,50.70%,1,40,0,11,1,28,0,1,2.50%,27.50%,0,12,0,7,0,4,0,1,8.30%,58.30%,1,14,0,3,1,9,0,2,14.30%,21.40%,2,19,3,4,-1,13,0,2,10.50%,21.10%,154,833,0,4,147,775,7,54,6.50%,0.50%,438,4919,20,553,408,4167,10,199,4.00%,11.20%
21/5/2020,173,3414,6,225,157,3082,10,107,3.10%,6.60%,12,375,1,181,10,172,1,22,5.90%,48.30%,7,266,0,55,7,200,0,11,4.10%,20.70%,3,141,0,70,1,59,2,12,8.50%,49.60%,1,41,0,11,1,29,0,1,2.40%,26.80%,0,12,0,7,0,4,0,1,8.30%,58.30%,3,17,1,4,2,11,0,2,11.80%,23.50%,0,19,0,4,0,13,0,2,10.50%,21.10%,69,902,0,4,66,841,3,57,6.30%,0.40%,268,5187,8,561,244,4411,16,215,4.10%,10.80%
22/5/2020,251,3665,2,227,245,3327,4,111,3.00%,6.20%,6,381,3,184,2,174,1,23,6.00%,48.30%,19,285,0,55,19,219,0,11,3.90%,19.30%,2,143,0,70,1,60,1,13,9.10%,49.00%,0,41,0,11,0,29,0,1,2.40%,26.80%,0,12,0,7,0,4,0,1,8.30%,58.30%,1,18,2,6,-1,10,0,2,11.10%,33.30%,0,19,7,11,-7,6,0,2,10.50%,57.90%,113,1015,0,4,104,945,9,66,6.50%,0.40%,392,5579,14,575,363,4774,15,230,4.10%,10.30%
23/5/2020,235,3900,17,244,212,3539,6,117,3.00%,6.30%,5,386,17,201,-13,161,1,24,6.20%,52.10%,10,295,0,55,8,227,2,13,4.40%,18.60%,2,145,0,70,2,62,0,13,9.00%,48.30%,0,41,0,11,0,29,0,1,2.40%,26.80%,0,12,0,7,0,4,0,1,8.30%,58.30%,0,18,0,6,0,10,0,2,11.10%,33.30%,2,21,0,11,2,8,0,2,9.50%,52.40%,82,1097,0,4,81,1026,1,67,6.10%,0.40%,336,5915,34,609,292,5066,10,240,4.10%,10.30%
24/5/2020,299,4199,4,248,289,3828,6,123,2.90%,5.90%,8,394,8,209,0,161,0,24,6.10%,53.00%,34,329,0,55,34,261,0,13,4.00%,16.70%,5,150,2,72,3,65,0,13,8.70%,48.00%,1,42,6,17,-5,24,0,1,2.40%,40.50%,1,13,0,7,1,5,0,1,7.70%,53.80%,0,18,0,6,0,10,0,2,11.10%,33.30%,0,21,0,11,0,8,0,2,9.50%,52.40%,0,1097,0,4,-4,1022,4,71,6.50%,0.40%,348,6263,20,629,318,5384,10,250,4.00%,10.00%
25/5/2020,328,4527,10,258,313,4141,5,128,2.80%,5.70%,9,403,1,210,8,169,0,24,6.00%,52.10%,10,339,0,55,5,266,5,18,5.30%,16.20%,1,151,0,72,1,66,0,13,8.60%,47.70%,2,44,3,20,-1,23,0,1,2.30%,45.50%,0,13,0,7,0,5,0,1,7.70%,53.80%,1,19,1,7,0,10,0,2,10.50%,36.80%,1,22,0,11,1,9,0,2,9.10%,50.00%,45,1142,3,7,41,1063,1,72,6.30%,0.60%,397,6660,18,647,368,5752,11,261,3.90%,9.70%
26/5/2020,361,4888,15,273,339,4480,7,135,2.80%,5.60%,7,410,9,219,-2,167,0,24,5.90%,53.40%,6,345,5,60,1,267,0,18,5.20%,17.40%,2,153,0,72,2,68,0,13,8.50%,47.10%,0,44,0,20,0,23,0,1,2.30%,45.50%,0,13,0,7,0,5,0,1,7.70%,53.80%,0,19,0,7,-1,9,1,3,15.80%,36.80%,0,22,0,11,0,9,0,2,9.10%,50.00%,100,1242,1,8,94,1157,5,77,6.20%,0.60%,476,7136,30,677,433,6185,13,274,3.80%,9.50%
27/5/2020,478,5366,3,276,472,4952,3,138,2.60%,5.10%,5,415,9,228,-4,163,0,24,5.80%,54.90%,31,376,0,60,31,298,0,18,4.80%,16.00%,2,155,0,72,2,70,0,13,8.40%,46.50%,0,44,0,20,0,23,0,1,2.30%,45.50%,0,13,0,7,0,5,0,1,7.70%,53.80%,0,19,0,7,0,9,0,3,15.80%,36.80%,3,25,0,11,3,12,0,2,8.00%,44.00%,113,1355,0,8,110,1267,3,80,5.90%,0.60%,632,7768,12,689,614,6799,6,280,3.60%,8.90%
28/5/2020,408,5774,43,319,359,5311,6,144,2.50%,5.50%,8,423,6,234,0,163,2,26,6.10%,55.30%,43,419,0,60,42,340,1,19,4.50%,14.30%,4,159,0,72,4,74,0,13,8.20%,45.30%,2,46,0,20,2,25,0,1,2.20%,43.50%,0,13,0,7,0,5,0,1,7.70%,53.80%,3,22,0,7,3,12,0,3,13.60%,31.80%,0,25,0,11,0,12,0,2,8.00%,44.00%,151,1506,0,8,147,1414,4,84,5.60%,0.50%,619,8387,49,738,557,7356,13,293,3.50%,8.80%
29/5/2020,172,5946,4,323,166,5477,2,146,2.50%,5.40%,21,444,3,237,17,180,1,27,6.10%,53.40%,69,488,0,60,67,407,2,21,4.30%,12.30%,7,166,0,72,7,81,0,13,7.80%,43.40%,2,48,0,20,2,27,0,1,2.10%,41.70%,1,14,4,11,-3,2,0,1,7.10%,78.60%,2,24,0,7,2,14,0,3,12.50%,29.20%,0,25,0,11,0,12,0,2,8.00%,44.00%,70,1576,0,8,68,1482,2,86,5.50%,0.50%,344,8731,11,749,326,7682,7,300,3.40%,8.60%
30/5/2020,596,6542,125,448,468,5945,3,149,2.30%,6.80%,34,478,5,242,28,208,1,28,5.90%,50.60%,68,556,0,60,66,473,2,23,4.10%,10.80%,24,190,1,73,22,103,1,14,7.40%,38.40%,0,48,8,28,-8,19,0,1,2.10%,58.30%,0,14,0,11,0,2,0,1,7.10%,78.60%,8,32,0,7,8,22,0,3,9.40%,21.90%,0,25,1,12,-1,11,0,2,8.00%,48.00%,131,1707,0,8,128,1610,3,89,5.20%,0.50%,861,9592,140,889,711,8393,10,310,3.20%,9.30%
31/5/2020,169,6711,93,541,76,6021,0,149,2.20%,8.10%,29,507,2,244,27,235,0,28,5.50%,48.10%,55,611,0,60,55,528,0,23,3.80%,9.80%,14,204,0,73,14,117,0,14,6.90%,35.80%,20,68,0,28,20,39,0,1,1.50%,41.20%,0,14,0,11,0,2,0,1,7.10%,78.60%,0,32,0,7,0,22,0,3,9.40%,21.90%,1,26,2,14,-1,10,0,2,7.70%,53.80%,102,1809,0,8,99,1709,3,92,5.10%,0.40%,390,9982,97,986,290,8683,3,313,3.10%,9.90%
1/6/2020,307,7018,147,688,145,6166,15,164,2.30%,9.80%,48,555,4,248,41,276,3,31,5.60%,44.70%,103,714,0,60,92,620,11,34,4.80%,8.40%,6,210,0,73,6,123,0,14,6.70%,34.80%,2,70,0,28,2,41,0,1,1.40%,40.00%,0,14,0,11,0,2,0,1,7.10%,78.60%,5,37,0,7,4,26,1,4,10.80%,18.90%,2,28,0,14,2,12,0,2,7.10%,50.00%,76,1885,0,8,76,1785,0,92,4.90%,0.40%,549,10531,151,1137,368,9051,30,343,3.30%,10.80%
2/6/2020,217,7235,155,843,42,6208,20,184,2.50%,11.70%,59,614,1,249,57,333,1,32,5.20%,40.60%,72,786,4,64,63,683,5,39,5.00%,8.10%,8,218,1,74,6,129,1,15,6.90%,33.90%,23,93,0,28,23,64,0,1,1.10%,30.10%,0,14,0,11,0,2,0,1,7.10%,78.60%,0,37,0,7,0,26,0,4,10.80%,18.90%,1,29,0,14,1,13,0,2,6.90%,48.30%,80,1965,0,8,74,1859,6,98,5.00%,0.40%,460,10991,161,1298,266,9317,33,376,3.40%,11.80%
3/6/2020,402,7637,205,1048,192,6400,5,189,2.50%,13.70%,21,635,2,251,16,349,3,35,5.50%,39.50%,65,851,0,64,59,742,6,45,5.30%,7.50%,4,222,0,74,3,132,1,16,7.20%,33.30%,5,98,0,28,3,67,2,3,3.10%,28.60%,9,23,0,11,8,10,1,2,8.70%,47.80%,3,40,0,7,3,29,0,4,10.00%,17.50%,2,31,0,14,2,15,0,2,6.50%,45.20%,136,2101,2,10,128,1987,6,104,5.00%,0.50%,647,11638,209,1507,414,9731,24,400,3.40%,12.90%
4/6/2020,315,7952,137,1185,175,6575,3,192,2.40%,14.90%,26,661,3,254,22,371,1,36,5.40%,38.40%,47,898,7,71,36,778,4,49,5.50%,7.90%,16,238,0,74,14,146,2,18,7.60%,31.10%,21,119,0,28,21,88,0,3,2.50%,23.50%,0,23,0,11,0,10,0,2,8.70%,47.80%,4,44,0,7,4,33,0,4,9.10%,15.90%,1,32,0,14,1,16,0,2,6.30%,43.80%,177,2278,4,14,168,2155,5,109,4.80%,0.60%,607,12245,151,1658,441,10172,15,415,3.40%,13.50%
5/6/2020,192,8144,68,1253,122,6697,2,194,2.40%,15.40%,31,692,9,263,20,391,2,38,5.50%,38.00%,62,960,0,71,60,838,2,51,5.30%,7.40%,9,247,0,74,8,154,1,19,7.70%,30.00%,28,147,3,31,25,113,0,3,2.00%,21.10%,0,23,0,11,0,10,0,2,8.70%,47.80%,5,49,0,7,5,38,0,4,8.20%,14.30%,6,38,0,14,6,22,0,2,5.30%,36.80%,150,2428,1,15,144,2299,5,114,4.70%,0.60%,483,12728,81,1739,390,10562,12,427,3.40%,13.70%
6/6/2020,412,8556,153,1406,239,6936,20,214,2.50%,16.40%,45,737,6,269,39,430,0,38,5.20%,36.50%,62,1022,0,71,61,899,1,52,5.10%,6.90%,9,256,0,74,7,161,2,21,8.20%,28.90%,24,171,0,31,24,137,0,3,1.80%,18.10%,24,47,0,11,24,34,0,2,4.30%,23.40%,9,58,3,10,6,44,0,4,6.90%,17.20%,1,39,0,14,1,23,0,2,5.10%,35.90%,44,2472,1,16,39,2338,4,118,4.80%,0.60%,630,13358,163,1902,440,11002,27,454,3.40%,14.20%
7/6/2020,120,8676,174,1580,-61,6875,7,221,2.50%,18.20%,17,754,3,272,14,444,0,38,5.00%,36.10%,75,1097,0,71,75,974,0,52,4.70%,6.50%,4,260,0,74,4,165,0,21,8.10%,28.50%,12,183,0,31,12,149,0,3,1.60%,16.90%,18,65,1,12,16,50,1,3,4.60%,18.50%,0,58,0,10,0,44,0,4,6.90%,17.20%,0,39,0,14,0,23,0,2,5.10%,35.90%,39,2511,6,22,30,2368,3,121,4.80%,0.90%,285,13643,184,2086,90,11092,11,465,3.40%,15.30%
8/6/2020,135,8811,70,1650,61,6936,4,225,2.60%,18.70%,22,776,0,272,22,466,0,38,4.90%,35.10%,65,1162,0,71,62,1036,3,55,4.70%,6.10%,14,274,0,74,14,179,0,21,7.70%,27.00%,5,188,0,31,5,154,0,3,1.60%,16.50%,0,65,0,12,0,50,0,3,4.60%,18.50%,7,65,0,10,7,51,0,4,6.20%,15.40%,4,43,0,14,4,27,0,2,4.70%,32.60%,54,2565,3,25,48,2416,3,124,4.80%,1.00%,306,13949,73,2159,223,11315,10,475,3.40%,15.50%
9/6/2020,413,9224,23,1673,384,7320,6,231,2.50%,18.10%,28,804,4,276,24,490,0,38,4.70%,34.30%,69,1231,0,71,67,1103,2,57,4.60%,5.80%,14,288,3,77,11,190,0,21,7.30%,26.70%,12,200,0,31,11,165,1,4,2.00%,15.50%,29,94,0,12,28,78,1,4,4.30%,12.80%,3,68,0,10,3,54,0,4,5.90%,14.70%,0,43,0,14,0,27,0,2,4.70%,32.60%,127,2692,1,26,124,2540,2,126,4.70%,1.00%,695,14644,31,2190,652,11967,12,487,3.30%,15.00%
10/6/2020,370,9594,49,1722,309,7629,12,243,2.50%,17.90%,38,842,9,285,27,517,2,40,4.80%,33.80%,66,1297,0,71,66,1169,0,57,4.40%,5.50%,17,305,5,82,9,199,3,24,7.90%,26.90%,5,205,0,31,3,168,2,6,2.90%,15.10%,36,130,0,12,36,114,0,4,3.10%,9.20%,1,69,0,10,1,55,0,4,5.80%,14.50%,18,61,0,14,17,44,1,3,4.90%,23.00%,86,2778,8,34,73,2613,5,131,4.70%,1.20%,637,15281,71,2261,541,12508,25,512,3.40%,14.80%
11/6/2020,533,10127,97,1819,429,8058,7,250,2.50%,18.00%,90,932,4,289,84,601,2,42,4.50%,31.00%,72,1369,5,76,64,1233,3,60,4.40%,5.60%,29,334,3,85,26,225,0,24,7.20%,25.40%,63,268,0,31,62,230,1,7,2.60%,11.60%,45,175,0,12,43,157,2,6,3.40%,6.90%,8,77,0,10,8,63,0,4,5.20%,13.00%,13,74,1,15,12,56,0,3,4.10%,20.30%,31,2809,1,35,24,2637,6,137,4.90%,1.20%,884,16165,111,2372,752,13260,21,533,3.30%,14.70%
12/6/2020,409,10536,48,1867,346,8404,15,265,2.50%,17.70%,51,983,2,291,48,649,1,43,4.40%,29.60%,72,1441,0,76,66,1299,6,66,4.60%,5.30%,24,358,0,85,24,249,0,24,6.70%,23.70%,6,274,0,31,5,235,1,8,2.90%,11.30%,63,238,0,12,63,220,0,6,2.50%,5.00%,10,87,0,10,9,72,1,5,5.70%,11.50%,11,85,0,15,11,67,0,3,3.50%,17.60%,118,2927,9,44,107,2744,2,139,4.70%,1.50%,764,16929,59,2431,679,13939,26,559,3.30%,14.40%
13/6/2020,618,11154,318,2185,295,8699,5,270,2.40%,19.60%,81,1064,13,304,66,715,2,45,4.20%,28.60%,96,1537,0,76,87,1386,9,75,4.90%,4.90%,11,369,0,85,10,259,1,25,6.80%,23.00%,21,295,3,34,18,253,0,8,2.70%,11.50%,29,267,0,12,29,249,0,6,2.20%,4.50%,25,112,1,11,24,96,0,5,4.50%,9.80%,15,100,0,15,15,82,0,3,3.00%,15.00%,17,2944,2,46,6,2750,9,148,5.00%,1.60%,913,17842,337,2768,550,14489,26,585,3.30%,15.50%
14/6/2020,270,11424,335,2520,-78,8621,13,283,2.50%,22.10%,85,1149,10,314,71,786,4,49,4.30%,27.30%,186,1723,0,76,183,1569,3,78,4.50%,4.40%,9,378,0,85,8,267,1,26,6.90%,22.50%,36,331,0,34,36,289,0,8,2.40%,10.30%,19,286,0,12,19,268,0,6,2.10%,4.20%,0,112,0,11,0,96,0,5,4.50%,9.80%,2,102,0,15,1,83,1,4,3.90%,14.70%,10,2954,0,46,6,2756,4,152,5.10%,1.60%,617,18459,345,3113,246,14735,26,611,3.30%,16.90%
15/6/2020,317,11741,304,2824,9,8630,4,287,2.40%,24.10%,64,1213,8,322,55,841,1,50,4.10%,26.50%,155,1878,2,78,148,1717,5,83,4.40%,4.20%,11,389,2,87,7,274,2,28,7.20%,22.40%,12,343,1,35,11,300,0,8,2.30%,10.20%,21,307,0,12,21,289,0,6,2.00%,3.90%,11,123,0,11,11,107,0,5,4.10%,8.90%,15,117,0,15,13,96,2,6,5.10%,12.80%,8,2962,0,46,1,2757,7,159,5.40%,1.60%,614,19073,317,3430,276,15011,21,632,3.30%,18.00%
16/6/2020,625,12366,318,3142,296,8926,11,298,2.40%,25.40%,41,1254,0,322,41,882,0,50,4.00%,25.70%,37,1915,0,78,32,1749,5,88,4.60%,4.10%,11,400,2,89,7,281,2,30,7.50%,22.30%,18,361,0,35,17,317,1,9,2.50%,9.70%,8,315,0,12,6,295,2,8,2.50%,3.80%,26,149,0,11,26,133,0,5,3.40%,7.40%,12,129,0,15,10,106,2,8,6.20%,11.60%,32,2994,2,48,26,2783,4,163,5.40%,1.60%,810,19883,322,3752,461,15472,27,659,3.30%,18.90%
17/6/2020,359,12725,237,3379,117,9043,5,303,2.40%,26.60%,44,1298,2,324,41,923,1,51,3.90%,25.00%,126,2041,3,81,117,1866,6,94,4.60%,4.00%,20,420,4,93,14,295,2,32,7.60%,22.10%,17,378,0,35,17,334,0,9,2.40%,9.30%,71,386,0,12,68,363,3,11,2.80%,3.10%,26,175,1,12,23,156,2,7,4.00%,6.90%,5,134,0,15,4,110,1,9,6.70%,11.20%,134,3128,3,51,131,2914,0,163,5.20%,1.60%,802,20685,250,4002,532,16004,20,679,3.30%,19.30%
18/6/2020,263,12988,301,3680,-42,9001,4,307,2.40%,28.30%,88,1386,6,330,80,1003,2,53,3.80%,23.80%,138,2179,5,86,130,1996,3,97,4.50%,3.90%,23,443,0,93,21,316,2,34,7.70%,21.00%,0,378,0,35,0,334,0,9,2.40%,9.30%,23,409,1,13,21,384,1,12,2.90%,3.20%,16,191,2,14,14,170,0,7,3.70%,7.30%,51,185,1,16,48,158,2,11,5.90%,8.60%,198,3326,2,53,192,3106,4,167,5.00%,1.60%,800,21485,318,4320,464,16468,18,697,3.20%,20.10%
19/6/2020,551,13539,339,4019,206,9207,6,313,2.30%,29.70%,83,1469,2,332,80,1083,1,54,3.70%,22.60%,123,2302,8,94,114,2110,1,98,4.30%,4.10%,16,459,0,93,14,330,2,36,7.80%,20.30%,29,407,0,35,28,362,1,10,2.50%,8.60%,16,425,0,13,16,400,0,12,2.80%,3.10%,15,206,0,14,15,185,0,7,3.40%,6.80%,11,196,0,16,8,166,3,14,7.10%,8.20%,147,3473,1,54,142,3248,4,171,4.90%,1.60%,991,22476,350,4670,623,17091,18,715,3.20%,20.80%
20/6/2020,626,14165,408,4427,209,9416,9,322,2.30%,31.30%,76,1545,0,332,75,1158,1,55,3.60%,21.50%,58,2360,0,94,55,2165,3,101,4.30%,4.00%,10,469,3,96,7,337,0,36,7.70%,20.50%,17,424,0,35,14,376,3,13,3.10%,8.30%,51,476,1,14,50,450,0,12,2.50%,2.90%,33,239,2,16,30,215,1,8,3.30%,6.70%,57,253,0,16,56,222,1,15,5.90%,6.30%,108,3581,2,56,99,3347,7,178,5.00%,1.60%,1036,23512,416,5086,595,17686,25,740,3.10%,21.60%
21/6/2020,334,14499,351,4778,-22,9394,5,327,2.30%,33.00%,235,1780,13,345,214,1372,8,63,3.50%,19.40%,191,2551,0,94,185,2350,6,107,4.20%,3.70%,19,488,1,97,16,353,2,38,7.80%,19.90%,4,428,0,35,4,380,0,13,3.00%,8.20%,6,482,0,14,6,456,0,12,2.50%,2.90%,7,246,0,16,7,222,0,8,3.30%,6.50%,48,301,3,19,39,261,6,21,7.00%,6.30%,32,3613,0,56,26,3373,6,184,5.10%,1.50%,876,24388,368,5454,475,18161,33,773,3.20%,22.40%
22/6/2020,568,15067,379,5157,168,9562,21,348,2.30%,34.20%,138,1918,6,351,132,1504,0,63,3.30%,18.30%,61,2612,0,94,54,2404,7,114,4.40%,3.60%,111,599,3,100,100,453,8,46,7.70%,16.70%,118,546,0,35,118,498,0,13,2.40%,6.40%,14,496,0,14,10,466,4,16,3.20%,2.80%,29,275,4,20,25,247,0,8,2.90%,7.30%,0,301,2,21,-2,259,0,21,7.00%,7.00%,66,3679,9,65,50,3423,7,191,5.20%,1.80%,1105,25493,403,5857,655,18816,47,820,3.20%,23.00%
23/6/2020,375,15442,432,5589,-60,9502,3,351,2.30%,36.20%,48,1966,0,351,47,1551,1,64,3.30%,17.90%,163,2775,1,95,151,2555,11,125,4.50%,3.40%,76,675,0,100,76,529,0,46,6.80%,14.80%,14,560,0,35,12,510,2,15,2.70%,6.30%,9,505,0,14,9,475,0,16,3.20%,2.80%,24,299,2,22,22,269,0,8,2.70%,7.40%,81,382,0,21,80,339,1,22,5.80%,5.50%,106,3785,8,73,90,3513,8,199,5.30%,1.90%,896,26389,443,6300,427,19243,26,846,3.20%,23.90%
24/6/2020,542,15984,457,6046,71,9573,14,365,2.30%,37.80%,195,2161,9,360,185,1736,1,65,3.00%,16.70%,145,2920,5,100,135,2690,5,130,4.50%,3.40%,24,699,6,106,18,547,0,46,6.60%,15.20%,16,576,5,40,11,521,0,15,2.60%,6.90%,2,507,0,14,0,475,2,18,3.60%,2.80%,32,331,5,27,27,296,0,8,2.40%,8.20%,40,422,1,22,35,374,4,26,6.20%,5.20%,102,3887,7,80,91,3604,4,203,5.20%,2.10%,1098,27487,495,6795,573,19816,30,876,3.20%,24.70%
25/6/2020,571,16555,512,6558,51,9624,8,373,2.30%,39.60%,212,2373,5,365,204,1940,3,68,2.90%,15.40%,50,2970,17,117,27,2717,6,136,4.60%,3.90%,22,721,1,107,13,560,8,54,7.50%,14.80%,12,588,0,40,10,531,2,17,2.90%,6.80%,6,513,0,14,4,479,2,20,3.90%,2.70%,62,393,1,28,59,355,2,10,2.50%,7.10%,48,470,0,22,45,419,3,29,6.20%,4.70%,33,3920,7,87,23,3627,3,206,5.30%,2.20%,1016,28503,543,7338,436,20252,37,913,3.20%,25.70%
26/6/2020,222,16777,387,6945,-173,9451,8,381,2.30%,41.40%,207,2580,3,368,203,2143,1,69,2.70%,14.30%,263,3233,6,123,253,2970,4,140,4.30%,3.80%,71,792,0,107,71,631,0,54,6.80%,13.50%,1,589,0,40,1,532,0,17,2.90%,6.80%,49,562,0,14,47,526,2,22,3.90%,2.50%,39,432,0,28,39,394,0,10,2.30%,6.50%,54,524,1,23,53,472,0,29,5.50%,4.40%,14,3934,1,88,7,3634,6,212,5.40%,2.20%,920,29423,398,7736,501,20753,21,934,3.20%,26.30%
27/6/2020,678,17455,387,7332,276,9727,15,396,2.30%,42.00%,194,2774,8,376,181,2324,5,74,2.70%,13.60%,183,3416,15,138,158,3128,10,150,4.40%,4.00%,2,794,3,110,-2,629,1,55,6.90%,13.90%,14,603,0,40,14,546,0,17,2.80%,6.60%,5,567,0,14,4,530,1,23,4.10%,2.50%,82,514,2,30,79,473,1,11,2.10%,5.80%,54,578,0,23,53,525,1,30,5.20%,4.00%,41,3975,7,95,32,3666,2,214,5.40%,2.40%,1253,30676,422,8158,795,21548,36,970,3.20%,26.60%
28/6/2020,418,17873,337,7669,65,9792,16,412,2.30%,42.90%,108,2882,6,382,100,2424,2,76,2.60%,13.30%,52,3468,0,138,37,3165,15,165,4.80%,4.00%,84,878,3,113,81,710,0,55,6.30%,12.90%,38,641,10,50,26,572,2,19,3.00%,7.80%,0,567,0,14,-2,528,2,25,4.40%,2.50%,23,537,0,30,21,494,2,13,2.40%,5.60%,59,637,0,23,58,583,1,31,4.90%,3.60%,66,4041,3,98,59,3725,4,218,5.40%,2.40%,848,31524,359,8517,445,21993,44,1014,3.20%,27.00%
29/6/2020,338,18211,390,8059,-71,9721,19,431,2.40%,44.30%,85,2967,6,388,73,2497,6,82,2.80%,13.10%,33,3501,15,153,-1,3164,19,184,5.30%,4.40%,21,899,0,113,18,728,3,58,6.50%,12.60%,23,664,0,50,23,595,0,19,2.90%,7.50%,1,568,0,14,1,529,0,25,4.40%,2.50%,59,596,0,30,57,551,2,15,2.50%,5.00%,7,644,0,23,6,589,1,32,5.00%,3.60%,34,4075,0,98,27,3752,7,225,5.50%,2.40%,601,32125,411,8928,133,22126,57,1071,3.30%,27.80%
30/6/2020,670,18881,372,8431,274,9995,24,455,2.40%,44.70%,62,3029,3,391,59,2556,0,82,2.70%,12.90%,139,3640,0,153,121,3285,18,202,5.50%,4.20%,50,949,2,115,48,776,0,58,6.10%,12.10%,10,674,1,51,9,604,0,19,2.80%,7.60%,0,568,0,14,-2,527,2,27,4.80%,2.50%,56,652,1,31,55,606,0,15,2.30%,4.80%,63,707,0,23,60,649,3,35,5.00%,3.30%,44,4119,33,131,6,3758,5,230,5.60%,3.20%,1094,33219,412,9340,630,22756,52,1123,3.40%,28.10%
1/7/2020,376,19257,401,8832,-47,9948,22,477,2.50%,45.90%,212,3241,3,394,207,2763,2,84,2.60%,12.20%,104,3744,15,168,70,3355,19,221,5.90%,4.50%,63,1012,0,115,45,821,18,76,7.50%,11.40%,15,689,0,51,14,618,1,20,2.90%,7.40%,68,636,0,14,58,585,10,37,5.80%,2.20%,57,709,0,31,55,661,2,17,2.40%,4.40%,59,766,0,23,57,706,2,37,4.80%,3.00%,54,4173,5,136,47,3805,2,232,5.60%,3.30%,1008,34227,424,9764,506,23262,78,1201,3.50%,28.50%
2/7/2020,734,19991,482,9314,223,10171,29,506,2.50%,46.60%,156,3397,0,394,147,2910,9,93,2.70%,11.60%,92,3836,17,185,63,3418,12,233,6.10%,4.80%,81,1093,79,194,1,822,1,77,7.00%,17.70%,31,720,0,51,29,647,2,22,3.10%,7.10%,77,713,0,14,67,652,10,47,6.60%,2.00%,55,764,0,31,50,711,5,22,2.90%,4.10%,45,811,5,28,39,745,1,38,4.70%,3.50%,30,4203,11,147,18,3823,1,233,5.50%,3.50%,1301,35528,594,10358,637,23899,70,1271,3.60%,29.20%
3/7/2020,567,20558,374,9688,172,10343,21,527,2.60%,47.10%,237,3634,2,396,235,3145,0,93,2.60%,10.90%,253,4089,26,211,213,3631,14,247,6.00%,5.20%,52,1145,3,197,46,868,3,80,7.00%,17.20%,8,728,1,52,6,653,1,23,3.20%,7.10%,4,717,0,14,3,655,1,48,6.70%,2.00%,66,830,0,31,65,776,1,23,2.80%,3.70%,41,852,0,28,36,781,5,43,5.00%,3.30%,62,4265,2,149,57,3880,3,236,5.50%,3.50%,1290,36818,408,10766,833,24732,49,1320,3.60%,29.20%
4/7/2020,632,21190,466,10154,142,10485,24,551,2.60%,47.90%,238,3872,4,400,227,3372,7,100,2.60%,10.30%,57,4146,30,241,12,3643,15,262,6.30%,5.80%,44,1189,3,200,41,909,0,80,6.70%,16.80%,30,758,0,52,29,682,1,24,3.20%,6.90%,91,808,0,14,86,741,5,53,6.60%,1.70%,86,916,2,33,82,858,2,25,2.70%,3.60%,65,917,0,28,64,845,1,44,4.80%,3.10%,10,4275,1,150,6,3886,3,239,5.60%,3.50%,1253,38071,506,11272,689,25421,58,1378,3.60%,29.60%
5/7/2020,562,21752,344,10498,196,10681,22,573,2.60%,48.30%,333,4205,11,411,315,3687,7,107,2.50%,9.80%,53,4199,36,277,-3,3640,20,282,6.70%,6.60%,44,1233,0,200,44,953,0,80,6.50%,16.20%,3,761,0,52,2,684,1,25,3.30%,6.80%,126,934,0,14,126,867,0,53,5.70%,1.50%,55,971,0,33,52,910,3,28,2.90%,3.40%,50,967,4,32,45,890,1,45,4.70%,3.30%,0,4275,0,150,-2,3884,2,241,5.60%,3.50%,1226,39297,395,11667,775,26196,56,1434,3.60%,29.70%
6/7/2020,201,21953,227,10725,-44,10637,18,591,2.70%,48.90%,480,4685,7,418,473,4160,0,107,2.30%,8.90%,230,4429,24,301,196,3836,10,292,6.60%,6.80%,50,1283,0,200,43,996,7,87,6.80%,15.60%,21,782,1,53,20,704,0,25,3.20%,6.80%,72,1006,0,14,71,938,1,54,5.40%,1.40%,68,1039,1,34,65,975,2,30,2.90%,3.30%,33,1000,0,32,32,922,1,46,4.60%,3.20%,57,4332,2,152,52,3936,3,244,5.60%,3.50%,1212,40509,262,11929,908,27104,42,1476,3.60%,29.40%
7/7/2020,445,22398,412,11137,10,10647,23,614,2.70%,49.70%,191,4876,7,425,182,4342,2,109,2.20%,8.70%,63,4492,28,329,23,3859,12,304,6.80%,7.30%,97,1380,0,200,89,1085,8,95,6.90%,14.50%,19,801,17,70,2,706,0,25,3.10%,8.70%,20,1026,0,14,20,958,0,54,5.30%,1.40%,30,1069,1,35,28,1003,1,31,2.90%,3.30%,68,1068,0,32,64,986,4,50,4.70%,3.00%,103,4435,4,156,95,4031,4,248,5.60%,3.50%,1036,41545,469,12398,513,27617,54,1530,3.70%,29.80%
8/7/2020,528,22926,417,11554,87,10734,24,638,2.80%,50.40%,275,5151,5,430,269,4611,1,110,2.10%,8.30%,143,4635,21,350,114,3973,8,312,6.70%,7.60%,111,1491,22,222,81,1166,8,103,6.90%,14.90%,30,831,4,74,26,732,0,25,3.00%,8.90%,0,1026,0,14,0,958,0,54,5.30%,1.40%,145,1214,1,36,141,1144,3,34,2.80%,3.00%,31,1099,12,44,19,1005,0,50,4.50%,4.00%,176,4611,3,159,170,4201,3,251,5.40%,3.40%,1439,42984,485,12883,907,28524,47,1577,3.70%,30.00%
9/7/2020,485,23411,433,11987,29,10763,23,661,2.80%,51.20%,225,5376,3,433,218,4829,4,114,2.10%,8.10%,134,4769,29,379,90,4063,15,327,6.90%,7.90%,55,1546,3,225,50,1216,2,105,6.80%,14.60%,13,844,1,75,8,740,4,29,3.40%,8.90%,0,1026,0,14,0,958,0,54,5.30%,1.40%,70,1284,0,36,65,1209,5,39,3.00%,2.80%,63,1162,0,44,61,1066,2,52,4.50%,3.80%,84,4695,2,161,76,4277,6,257,5.50%,3.40%,1129,44113,471,13354,597,29121,61,1638,3.70%,30.30%
10/7/2020,614,24025,487,12474,101,10864,26,687,2.90%,51.90%,328,5704,31,464,295,5124,2,116,2.00%,8.10%,146,4915,31,410,96,4159,19,346,7.00%,8.30%,89,1635,0,225,84,1300,5,110,6.70%,13.80%,3,847,5,80,-4,736,2,31,3.70%,9.40%,0,1026,0,14,-2,956,2,56,5.50%,1.40%,170,1454,0,36,168,1377,2,41,2.80%,2.50%,3,1165,0,44,-1,1065,4,56,4.80%,3.80%,99,4794,10,171,87,4364,2,259,5.40%,3.60%,1452,45565,564,13918,824,29945,64,1702,3.70%,30.50%
11/7/2020,600,24625,327,12801,260,11124,13,700,2.80%,52.00%,662,6366,32,496,619,5743,11,127,2.00%,7.80%,99,5014,36,446,44,4203,19,365,7.30%,8.90%,66,1701,6,231,60,1360,0,110,6.50%,13.60%,11,858,2,82,9,745,0,31,3.60%,9.60%,0,1026,0,14,0,956,0,56,5.50%,1.40%,47,1501,3,39,41,1418,3,44,2.90%,2.60%,133,1298,7,51,124,1189,2,58,4.50%,3.90%,17,4811,2,173,11,4375,4,263,5.50%,3.60%,1635,47200,415,14333,1168,31113,52,1754,3.70%,30.40%
12/7/2020,275,24900,376,13177,-110,11014,9,709,2.80%,52.90%,337,6703,37,533,296,6039,4,131,2.00%,8.00%,174,5188,58,504,96,4299,20,385,7.40%,9.70%,85,1786,24,255,51,1411,10,120,6.70%,14.30%,37,895,0,82,35,780,2,33,3.70%,9.20%,19,1045,0,14,18,974,1,57,5.50%,1.30%,0,1501,10,49,-12,1406,2,46,3.10%,3.30%,34,1332,2,53,30,1219,2,60,4.50%,4.00%,26,4837,3,176,20,4395,3,266,5.50%,3.60%,987,48187,510,14843,424,31537,53,1807,3.70%,30.80%
13/7/2020,360,25260,338,13515,-2,11012,24,733,2.90%,53.50%,421,7124,28,561,391,6430,2,133,1.90%,7.90%,127,5315,67,571,47,4346,13,398,7.50%,10.70%,75,1861,10,265,61,1472,4,124,6.70%,14.20%,24,919,0,82,24,804,0,33,3.60%,8.90%,0,1045,5,19,-13,961,8,65,6.20%,1.80%,32,1533,0,49,31,1437,1,47,3.10%,3.20%,0,1332,0,53,0,1219,0,60,4.50%,4.00%,24,4861,3,179,14,4409,7,273,5.60%,3.70%,1063,49250,451,15294,553,32090,59,1866,3.80%,31.10%
14/7/2020,864,26124,408,13923,449,11461,7,740,2.80%,53.30%,278,7402,33,594,244,6674,1,134,1.80%,8.00%,153,5468,44,615,95,4441,14,412,7.50%,11.20%,60,1921,13,278,45,1517,2,126,6.60%,14.50%,50,969,0,82,50,854,0,33,3.40%,8.50%,0,1045,18,37,-22,939,4,69,6.60%,3.50%,127,1660,0,49,125,1562,2,49,3.00%,3.00%,42,1374,6,59,36,1255,0,60,4.40%,4.30%,43,4904,3,182,38,4447,2,275,5.60%,3.70%,1617,50867,525,15819,1060,33150,32,1898,3.70%,31.10%
15/7/2020,547,26671,401,14324,130,11591,16,756,2.80%,53.70%,260,7662,31,625,224,6898,5,139,1.80%,8.20%,276,5744,84,699,182,4623,10,422,7.30%,12.20%,53,1974,11,289,42,1559,0,126,6.40%,14.60%,31,1000,0,82,31,885,0,33,3.30%,8.20%,0,1045,3,40,-12,927,9,78,7.50%,3.80%,83,1743,0,49,80,1642,3,52,3.00%,2.80%,48,1422,0,59,48,1303,0,60,4.20%,4.10%,53,4957,8,190,44,4491,1,276,5.60%,3.80%,1351,52218,538,16357,769,33919,44,1942,3.70%,31.30%
16/7/2020,1073,27744,496,14820,572,12163,5,761,2.70%,53.40%,314,7976,11,636,297,7195,6,145,1.80%,8.00%,182,5926,75,774,92,4715,15,437,7.40%,13.10%,42,2016,16,305,19,1578,7,133,6.60%,15.10%,60,1060,0,82,59,944,1,34,3.20%,7.70%,0,1045,7,47,-12,915,5,83,7.90%,4.50%,130,1873,0,49,128,1770,2,54,2.90%,2.60%,68,1490,9,68,58,1361,1,61,4.10%,4.60%,69,5026,8,198,61,4552,0,276,5.50%,3.90%,1938,54156,622,16979,1274,35193,42,1984,3.70%,31.40%
17/7/2020,1245,28989,532,15352,696,12859,17,778,2.70%,53.00%,233,8209,68,704,155,7350,10,155,1.90%,8.60%,119,6045,212,986,-109,4606,16,453,7.50%,16.30%,96,2112,5,310,82,1660,9,142,6.70%,14.70%,26,1086,17,99,8,952,1,35,3.20%,9.10%,12,1057,10,57,-2,913,4,87,8.20%,5.40%,155,2028,29,78,124,1894,2,56,2.80%,3.80%,46,1536,26,94,18,1379,2,63,4.10%,6.10%,14,5040,4,202,6,4558,4,280,5.60%,4.00%,1946,56102,903,17882,978,36171,65,2049,3.70%,31.90%
18/7/2020,495,29484,119,15471,357,13216,19,797,2.70%,52.50%,713,8922,38,742,673,8023,2,157,1.80%,8.30%,232,6277,74,1060,143,4749,15,468,7.50%,16.90%,65,2177,32,342,31,1691,2,144,6.60%,15.70%,11,1097,2,101,9,961,0,35,3.20%,9.20%,121,1178,21,78,93,1006,7,94,8.00%,6.60%,319,2347,29,107,284,2178,6,62,2.60%,4.60%,52,1588,3,97,44,1423,5,68,4.30%,6.10%,28,5068,0,202,27,4585,1,281,5.50%,4.00%,2036,58138,318,18200,1661,37832,57,2106,3.60%,31.30%
19/7/2020,270,29754,76,15547,177,13393,17,814,2.70%,52.30%,733,9655,55,797,673,8696,5,162,1.70%,8.30%,129,6406,166,1226,-52,4697,15,483,7.50%,19.10%,34,2211,7,349,27,1718,0,144,6.50%,15.80%,75,1172,2,103,71,1032,2,37,3.20%,8.80%,26,1204,0,78,26,1032,0,94,7.80%,6.50%,136,2483,30,137,105,2283,1,63,2.50%,5.50%,17,1605,17,114,-5,1418,5,73,4.50%,7.10%,24,5092,0,202,24,4609,0,281,5.50%,4.00%,1444,59582,353,18553,1046,38878,45,2151,3.60%,31.10%
20/7/2020,555,30309,148,15695,388,13781,19,833,2.70%,51.80%,535,10190,24,821,504,9200,7,169,1.70%,8.10%,120,6526,94,1320,11,4708,15,498,7.60%,20.20%,33,2244,22,371,2,1720,9,153,6.80%,16.50%,16,1188,0,103,14,1046,2,39,3.30%,8.70%,8,1212,8,86,-4,1028,4,98,8.10%,7.10%,78,2561,22,159,50,2333,6,69,2.70%,6.20%,32,1637,2,116,26,1444,4,77,4.70%,7.10%,32,5124,2,204,29,4638,1,282,5.50%,4.00%,1409,60991,322,18875,1020,39898,67,2218,3.60%,30.90%
21/7/2020,578,30887,133,15828,424,14205,21,854,2.80%,51.20%,431,10621,11,832,419,9619,1,170,1.60%,7.80%,168,6694,92,1412,62,4770,14,512,7.60%,21.10%,102,2346,16,387,79,1799,7,160,6.80%,16.50%,0,1188,84,187,-84,962,0,39,3.30%,15.70%,1,1213,12,98,-16,1012,5,103,8.50%,8.10%,22,2583,46,205,-28,2305,4,73,2.80%,7.90%,25,1662,19,135,5,1449,1,78,4.70%,8.10%,39,5163,2,206,35,4673,2,284,5.50%,4.00%,1366,62357,415,19290,896,40794,55,2273,3.60%,30.90%
22/7/2020,513,31400,195,16023,298,14503,20,874,2.80%,51.00%,788,11409,29,861,759,10378,0,170,1.50%,7.50%,193,6887,119,1531,60,4830,14,526,7.60%,22.20%,85,2431,9,396,68,1867,8,168,6.90%,16.30%,61,1249,0,187,61,1023,0,39,3.10%,15.00%,87,1300,27,125,58,1070,2,105,8.10%,9.60%,5,2588,2,207,3,2308,0,73,2.80%,8.00%,36,1698,50,185,-24,1425,10,88,5.20%,10.90%,10,5173,0,206,9,4682,1,285,5.50%,4.00%,1778,64135,431,19721,1292,42086,55,2328,3.60%,30.70%
23/7/2020,256,31656,125,16148,114,14617,17,891,2.80%,51.00%,534,11943,20,881,505,10883,9,179,1.50%,7.40%,160,7047,106,1637,39,4869,15,541,7.70%,23.20%,75,2506,3,399,66,1933,6,174,6.90%,15.90%,17,1266,5,192,2,1025,10,49,3.90%,15.20%,11,1311,2,127,0,1070,9,114,8.70%,9.70%,6,2594,2,209,3,2311,1,74,2.90%,8.10%,38,1736,46,231,-17,1408,9,97,5.60%,13.30%,20,5193,0,206,17,4699,3,288,5.50%,4.00%,1117,65252,309,20030,729,42815,79,2407,3.70%,30.70%
